timestamp,machine_id,load_pct,temperature_C,vibration_mm_s,cycle_time_s,error_count,energy_kWh
2024-03-01 00:00:00,LINE-1-PRESS,44.61496506231805,61.75673544376243,1.2651983347954714,11.239270864701778,0,2.4993228617889827
2024-03-01 00:00:00,LINE-2-ROBOT,56.18821910734146,63.759895523314825,1.4263898772341426,12.291394665392126,0,2.9660010943400565
2024-03-01 00:00:00,LINE-3-CONVEYOR,63.09417394162437,59.31309515899461,1.1657531229440818,11.466493085599156,0,3.353689218373518
2024-03-01 00:00:00,LINE-4-WELD,66.45943297486636,56.820205405566014,1.1896027693747828,13.442778451782054,0,3.347489889016164
2024-03-01 00:05:00,LINE-1-PRESS,42.52604528896253,49.351893021298345,1.233853512627847,12.464732891577418,1,2.1052936075135147
2024-03-01 00:05:00,LINE-2-ROBOT,70.79105277329325,44.94310069459338,1.5922424237408694,12.597068132973753,0,3.5125844241876285
2024-03-01 00:05:00,LINE-3-CONVEYOR,66.46708995339773,51.723844405308284,1.3006458496389688,11.951467480565722,0,3.0764554661721757
2024-03-01 00:05:00,LINE-4-WELD,45.445250624435005,55.03606231416818,1.1716403332897825,11.699005243396838,0,2.0604175175003068
2024-03-01 00:10:00,LINE-1-PRESS,42.040584250848255,55.50390864475116,1.73737408978113,13.863915354934086,0,2.2570532090492312
2024-03-01 00:10:00,LINE-2-ROBOT,74.05498589289783,62.77430915513568,1.4258330236626975,12.827662987289589,1,3.9473255744329223
2024-03-01 00:10:00,LINE-3-CONVEYOR,53.72963337274439,52.13090398353523,1.5370583035668972,13.565802653279292,0,2.803650252094979
2024-03-01 00:10:00,LINE-4-WELD,68.90666021187846,51.3850932669947,1.6377029196229682,12.524934422000737,0,3.3951190124715516
2024-03-01 00:15:00,LINE-1-PRESS,61.126678321077,63.81680408865022,1.7740566235981152,12.004377844000238,0,2.9529188360795815
2024-03-01 00:15:00,LINE-2-ROBOT,69.55514497434001,52.43727561161135,1.4627267990608572,12.927016030617594,1,3.636089814706049
2024-03-01 00:15:00,LINE-3-CONVEYOR,73.03160334087885,50.29875056985605,1.5904043271568453,12.268415897737523,0,3.685659307696986
2024-03-01 00:15:00,LINE-4-WELD,72.19169907026843,59.46027446884914,1.5856992957986478,13.025456350393998,0,3.5320721928369565
2024-03-01 00:20:00,LINE-1-PRESS,81.57318263574923,46.65782003885729,1.6646281938734604,11.174317760059301,0,3.872922219073059
2024-03-01 00:20:00,LINE-2-ROBOT,61.13091933032446,49.62931326380048,1.4014862996076485,12.15857936276724,0,3.1156543708352418
2024-03-01 00:20:00,LINE-3-CONVEYOR,61.314735327883355,53.029074284414946,1.3846234067047396,12.205202112079272,0,2.7531896564587877
2024-03-01 00:20:00,LINE-4-WELD,63.35048818186785,60.38086827642293,1.3901846397302366,11.816554645324826,0,3.1614852737535255
2024-03-01 00:25:00,LINE-1-PRESS,62.26597192278927,62.27614198196157,1.3479816288366395,12.579457642917863,0,3.128835782224138
2024-03-01 00:25:00,LINE-2-ROBOT,39.718686127792424,55.87574708692887,1.6089354794344224,12.915673525509566,0,2.184944394396794
2024-03-01 00:25:00,LINE-3-CONVEYOR,39.75873095531003,48.397390033152504,1.5827333504995151,12.464929524131422,0,2.1268510537335463
2024-03-01 00:25:00,LINE-4-WELD,71.18949471836355,57.35134952932243,1.5818513497225724,12.22148870246598,0,3.66845467868144
2024-03-01 00:30:00,LINE-1-PRESS,48.28675013485727,50.92994852560628,1.6273910726173917,11.989373208258696,0,2.3927459630775436
2024-03-01 00:30:00,LINE-2-ROBOT,57.252105132322356,45.74027823893944,1.6928262846977298,11.603912521250923,0,3.035661294300428
2024-03-01 00:30:00,LINE-3-CONVEYOR,41.54520400324268,50.28251815124621,1.5495570117693762,12.54790375557795,0,2.1181076924810887
2024-03-01 00:30:00,LINE-4-WELD,74.07644535888707,56.00411062730836,1.835849897549221,12.187810607713303,1,3.6553731052414538
2024-03-01 00:35:00,LINE-1-PRESS,79.07099862076286,63.30481527030417,1.3245455117718865,12.312921702805395,0,4.015968905585959
2024-03-01 00:35:00,LINE-2-ROBOT,58.715203496797514,56.01761491388256,1.9715599446749439,12.616831871702663,0,2.980465792553612
2024-03-01 00:35:00,LINE-3-CONVEYOR,65.13628733626797,46.661338022085076,1.7098140836754494,13.285098860294836,0,3.0879037924964274
2024-03-01 00:35:00,LINE-4-WELD,64.72124507617559,53.65711041122303,1.3911795636771975,11.517287124232157,0,3.329716449760842
2024-03-01 00:40:00,LINE-1-PRESS,67.18567029423467,48.03951741878004,1.9330285189531344,11.970901448828966,0,3.3846495026663943
2024-03-01 00:40:00,LINE-2-ROBOT,66.5195350289073,52.66655726136757,1.3114941465544607,13.073094688832432,0,3.0466004058213616
2024-03-01 00:40:00,LINE-3-CONVEYOR,43.54115845784217,59.31772753865584,1.217592097424097,13.546743326885402,0,2.3019921360032627
2024-03-01 00:40:00,LINE-4-WELD,69.36591378883799,52.95316535162082,1.5416835723727564,12.039922824314237,0,3.5284373975504195
2024-03-01 00:45:00,LINE-1-PRESS,65.76871533013576,49.2501268365228,1.586494981093683,12.560355177088981,0,3.3668234616010744
2024-03-01 00:45:00,LINE-2-ROBOT,77.70651890701488,59.07835171185984,1.4670016499729646,12.586325642428378,0,3.896636509159181
2024-03-01 00:45:00,LINE-3-CONVEYOR,65.80224967489805,54.88413277881945,1.4534933601106548,12.420401882705809,1,3.1979859344305126
2024-03-01 00:45:00,LINE-4-WELD,66.7243572161462,58.36664583028742,1.2478401405558637,12.468359535541605,0,3.20951442181249
2024-03-01 00:50:00,LINE-1-PRESS,80.71860824196392,55.2086180663529,1.2177265091847314,13.676082466724727,0,3.90944938137307
2024-03-01 00:50:00,LINE-2-ROBOT,62.13302125652861,54.806221679775604,1.4608451575785137,12.07879448390161,0,3.2704731597679886
2024-03-01 00:50:00,LINE-3-CONVEYOR,77.33367330394442,50.17676288566705,1.4655781137103256,11.86539771431869,0,3.904288649259407
2024-03-01 00:50:00,LINE-4-WELD,52.72327210364483,55.7985819219777,1.2930468118898828,12.882186148171469,0,2.4106126655774887
2024-03-01 00:55:00,LINE-1-PRESS,42.398142324709006,46.82336434225431,1.5699054535219428,12.498370839096934,0,2.353925137507986
2024-03-01 00:55:00,LINE-2-ROBOT,76.9776587387322,50.28477402629536,1.4867976283509534,12.1854404029273,0,3.8633729120771543
2024-03-01 00:55:00,LINE-3-CONVEYOR,59.20219713273202,48.47525730553181,1.339457125255717,11.989835566177966,0,3.036679360006665
2024-03-01 00:55:00,LINE-4-WELD,63.968128440148604,52.14326971066071,1.020652846110552,12.89868249459974,0,3.2497695950946093
2024-03-01 01:00:00,LINE-1-PRESS,50.0548521789924,63.38709680007133,1.57130847565909,11.568861515993763,0,2.166239557138794
2024-03-01 01:00:00,LINE-2-ROBOT,68.40688713410461,52.64444995276651,1.1128090464774665,12.53750571117299,0,3.388931176630718
2024-03-01 01:00:00,LINE-3-CONVEYOR,37.46960897332296,55.82116069656232,1.3678826269646223,12.26471375699454,0,2.025719897806394
2024-03-01 01:00:00,LINE-4-WELD,64.17979575238856,51.943587314665194,1.5830479845123242,12.308643883688523,0,3.2301798781338693
2024-03-01 01:05:00,LINE-1-PRESS,65.21767630601444,48.766030450450586,1.398877459477435,12.322266666276299,0,3.3680772446793212
2024-03-01 01:05:00,LINE-2-ROBOT,36.73730205641955,47.000340145205826,1.767290538336626,12.159101404313573,0,2.1619984459007027
2024-03-01 01:05:00,LINE-3-CONVEYOR,60.340582298696766,55.90435113207827,1.5794589131190044,12.161595849100651,0,3.095721326594857
2024-03-01 01:05:00,LINE-4-WELD,55.79604494700198,59.346627134413076,1.5546715487995406,12.554349450007534,0,2.9838313540405426
2024-03-01 01:10:00,LINE-1-PRESS,53.60006846581035,56.92779402774236,1.4383488177309849,13.839387987483034,0,2.8032380593038506
2024-03-01 01:10:00,LINE-2-ROBOT,68.19060091344939,67.84293759545092,1.3552254690345473,12.4912431314242,0,3.407531849289766
2024-03-01 01:10:00,LINE-3-CONVEYOR,48.679962197419094,48.35405434099965,1.45420300420939,11.715746080981203,0,2.305300594038654
2024-03-01 01:10:00,LINE-4-WELD,79.21153816721652,52.068180249689966,1.6424171906986709,11.999183098420213,0,3.8943500751375137
2024-03-01 01:15:00,LINE-1-PRESS,66.0315096391066,58.55154575983289,1.334639792453799,12.337086391278346,0,3.1574173446313827
2024-03-01 01:15:00,LINE-2-ROBOT,80.59397702076474,51.20408306270278,1.2680021120613516,11.850920494179691,0,3.7075718031715845
2024-03-01 01:15:00,LINE-3-CONVEYOR,43.58504629336195,58.47776210647105,1.321236901309617,12.303515567941366,0,2.3303945924548666
2024-03-01 01:15:00,LINE-4-WELD,46.25975430977486,49.28645770068145,1.7613702447344695,12.765281561565823,0,2.516656998107532
2024-03-01 01:20:00,LINE-1-PRESS,76.00835085604844,57.3015051560809,1.9162335488594926,13.1251799122585,0,3.946723864758491
2024-03-01 01:20:00,LINE-2-ROBOT,58.03455507881003,53.25583652735671,1.5267727591178117,12.631180179301507,0,2.846864449808281
2024-03-01 01:20:00,LINE-3-CONVEYOR,80.04315851499295,54.069230962729314,1.3495580536713887,11.674596368638209,0,3.7056488925924085
2024-03-01 01:20:00,LINE-4-WELD,58.714313695053704,51.639915357169315,1.2393266780167969,12.305821445524401,0,2.781141793510017
2024-03-01 01:25:00,LINE-1-PRESS,49.35640835854493,54.78683302171783,1.4161860585708483,12.765029597885565,0,2.540405869854819
2024-03-01 01:25:00,LINE-2-ROBOT,52.663284056621144,58.645086264312695,1.1344181562565572,12.554749562780474,0,2.8223277060588305
2024-03-01 01:25:00,LINE-3-CONVEYOR,45.87124002156535,60.35656422186304,1.0958520272317165,12.122449371604313,0,2.0524141303397863
2024-03-01 01:25:00,LINE-4-WELD,52.82831357869095,53.57484543724707,1.4934745954982183,13.053269659296223,0,2.4802561814375395
2024-03-01 01:30:00,LINE-1-PRESS,62.71176305826531,52.72239938061676,1.6268799182322673,12.55050631983094,0,3.171453984338996
2024-03-01 01:30:00,LINE-2-ROBOT,64.62668884083827,57.315804355636395,1.4537936823250803,12.97446874715838,0,3.2766869777040046
2024-03-01 01:30:00,LINE-3-CONVEYOR,71.59153283723523,56.163591545396244,1.294454608003247,11.490654296641688,0,3.8156772786820228
2024-03-01 01:30:00,LINE-4-WELD,77.23170638336057,66.76156948656194,1.3469575910823957,12.18621569863208,0,3.752389619347841
2024-03-01 01:35:00,LINE-1-PRESS,70.69345045169352,60.130781403861064,1.336366096419956,12.267997806543304,0,3.4097459479658663
2024-03-01 01:35:00,LINE-2-ROBOT,43.331430824933214,52.921356428289855,1.3635566562090282,12.429519069254741,0,2.183989457250976
2024-03-01 01:35:00,LINE-3-CONVEYOR,60.130031745851255,61.3561552512845,1.2490505043371656,12.370950563510238,0,3.009637374483989
2024-03-01 01:35:00,LINE-4-WELD,40.664191141224755,59.61254119749033,1.4515077205352493,12.262243750806107,0,2.0837658784176196
2024-03-01 01:40:00,LINE-1-PRESS,46.56729962744661,53.15956445356717,1.2911587698240528,11.959561125117153,0,2.067058660891539
2024-03-01 01:40:00,LINE-2-ROBOT,57.934607929221066,60.35926364327436,1.5112097892591054,12.754632496462452,1,2.891022006199723
2024-03-01 01:40:00,LINE-3-CONVEYOR,38.99097752970397,54.58607950151166,1.4113963186520215,12.263990193358993,0,2.0097989053176986
2024-03-01 01:40:00,LINE-4-WELD,44.36531737869484,55.54108800815266,1.6462460803760484,13.056475114846132,0,2.124235715504757
2024-03-01 01:45:00,LINE-1-PRESS,36.36616981147027,58.3185937184271,1.813999078676228,13.140645178084853,0,2.0297642765342707
2024-03-01 01:45:00,LINE-2-ROBOT,61.42280879547346,56.540482672570405,1.5423020026864942,12.527256593154828,0,3.276941293781765
2024-03-01 01:45:00,LINE-3-CONVEYOR,59.758195446145805,55.94996787578922,1.874009701691243,12.865980669192531,0,3.399761639153724
2024-03-01 01:45:00,LINE-4-WELD,61.60130485604883,54.98402858554468,1.3969519511736201,11.943923546961921,0,3.0008807325682882
2024-03-01 01:50:00,LINE-1-PRESS,69.74596628081792,57.52528173099813,1.2738972006989635,11.85615766511219,0,3.5447982127967177
2024-03-01 01:50:00,LINE-2-ROBOT,51.86214277723507,63.096174016965676,1.5494605794072938,12.868936295316045,0,2.395608908052581
2024-03-01 01:50:00,LINE-3-CONVEYOR,68.53971020790074,59.24245924538301,1.747955661721407,12.480322969844904,0,3.491142368522214
2024-03-01 01:50:00,LINE-4-WELD,60.114288929997066,56.35583148418388,1.6906409766982575,12.826612962301411,0,3.0652024538521414
2024-03-01 01:55:00,LINE-1-PRESS,68.48910521090959,69.4940030677976,1.3891107382986574,12.712256067215671,0,3.3977153590755864
2024-03-01 01:55:00,LINE-2-ROBOT,43.80478173656121,54.5465957769607,1.728908027861579,12.122408920899296,0,2.2218118117092027
2024-03-01 01:55:00,LINE-3-CONVEYOR,43.415060614389475,60.93437144929409,1.7084712131450552,12.810175682601415,0,2.204153777436668
2024-03-01 01:55:00,LINE-4-WELD,65.26613219233735,59.784006349574355,1.8437689758888092,12.234592022299012,0,3.3408874709096446
2024-03-01 02:00:00,LINE-1-PRESS,76.73541789713256,56.30632193764596,1.4586257853811218,12.149205746222504,0,3.7217416446186755
2024-03-01 02:00:00,LINE-2-ROBOT,67.74909190518589,53.9117647238215,1.6678793434199823,11.612674031581381,0,3.5819240850745935
2024-03-01 02:00:00,LINE-3-CONVEYOR,44.210206418891985,50.89096550042699,1.6620652033537042,12.231456940190757,0,2.0057288294822384
2024-03-01 02:00:00,LINE-4-WELD,54.064281955923114,66.67997976973633,1.51740217082515,11.890433791076196,0,2.890027034032887
2024-03-01 02:05:00,LINE-1-PRESS,63.415133648199046,52.52331415490653,1.693807175870731,13.407127441674234,1,2.751160817257209
2024-03-01 02:05:00,LINE-2-ROBOT,47.1339095714301,46.82405930734769,1.499359699193738,12.722503280570507,0,2.2518213899078092
2024-03-01 02:05:00,LINE-3-CONVEYOR,65.86953726029861,48.85299549007668,1.3393869711442976,13.368771216493547,0,3.2070212805525746
2024-03-01 02:05:00,LINE-4-WELD,44.61907118188219,54.024987922548114,1.684902053662817,11.89013833095006,0,2.642664213448617
2024-03-01 02:10:00,LINE-1-PRESS,53.58632572497696,60.65238921393786,1.4051266371187003,12.760637965227044,0,2.966653714333169
2024-03-01 02:10:00,LINE-2-ROBOT,81.04132263582389,46.794073848877915,1.4756143366666017,12.394378360194361,0,3.945702088500482
2024-03-01 02:10:00,LINE-3-CONVEYOR,44.608414677699464,56.16440889258113,1.7005819737896157,12.788008707242232,0,2.221049667575369
2024-03-01 02:10:00,LINE-4-WELD,74.49685667081161,54.61970627349278,1.6159619688096416,12.510008451091753,0,3.9679580757372217
2024-03-01 02:15:00,LINE-1-PRESS,66.03037824798972,56.934289671857,2.03894058334785,12.67415504927044,0,3.495006867228718
2024-03-01 02:15:00,LINE-2-ROBOT,62.13328332106198,46.7716988813785,1.1997242949046396,11.652620750197404,0,3.083763134634539
2024-03-01 02:15:00,LINE-3-CONVEYOR,80.29328840398026,54.940445745570905,1.285386134587537,12.27996016412475,0,3.907367087424512
2024-03-01 02:15:00,LINE-4-WELD,40.19965829946891,70.32364018947388,1.904086323253877,11.788133944398139,0,2.02071196446228
2024-03-01 02:20:00,LINE-1-PRESS,61.54189428574158,54.04340199971921,1.8269743496776818,12.173948814103447,0,3.1460212128378946
2024-03-01 02:20:00,LINE-2-ROBOT,51.747379220656676,53.73911868009326,1.6079469034512703,12.15205105642498,0,2.6488872364465723
2024-03-01 02:20:00,LINE-3-CONVEYOR,57.54747532343993,54.91650693456851,1.9504334052931667,12.217980795310337,0,3.0408220237807644
2024-03-01 02:20:00,LINE-4-WELD,41.537434294174865,57.28189092689726,1.5428682150740618,12.575578615839518,0,2.326603273186078
2024-03-01 02:25:00,LINE-1-PRESS,43.359649784174486,55.58682875548156,1.7554162124373276,12.705511333771291,0,2.056654366108986
2024-03-01 02:25:00,LINE-2-ROBOT,68.10873158002278,52.56018571826149,1.1414466341799645,11.978770494453107,0,3.285520847149007
2024-03-01 02:25:00,LINE-3-CONVEYOR,59.218612408756364,56.17295234115221,1.4556720198298114,12.73666994541651,0,2.640810301730384
2024-03-01 02:25:00,LINE-4-WELD,39.81937498649106,51.25487550369228,1.556628451900942,12.187497976900264,0,2.159984050398596
2024-03-01 02:30:00,LINE-1-PRESS,44.57403056877464,54.793513423297185,1.390166828340381,11.837823483618909,0,2.2691616858557073
2024-03-01 02:30:00,LINE-2-ROBOT,69.12933428386151,47.75803313432581,1.7466309852632673,11.88294145923039,0,3.4632693681819955
2024-03-01 02:30:00,LINE-3-CONVEYOR,77.57710084256063,57.21652620628004,1.304638047276975,11.677008152833158,0,3.831548210620528
2024-03-01 02:30:00,LINE-4-WELD,59.25916387379458,64.9534489719802,1.6138738173484186,12.935476258625743,0,2.67319378040361
2024-03-01 02:35:00,LINE-1-PRESS,62.43041918445758,55.6405306246772,1.6289529939145977,12.369794143213795,0,3.126151985263993
2024-03-01 02:35:00,LINE-2-ROBOT,45.730374089859396,58.93299867330227,1.2089605161094032,12.784477803186967,0,2.2668905035093294
2024-03-01 02:35:00,LINE-3-CONVEYOR,70.14468421473634,54.51740598452575,1.423268811389466,13.084615612487383,0,3.461424822764727
2024-03-01 02:35:00,LINE-4-WELD,45.93894305517392,60.108755438258555,1.8467046076884222,12.818200217713965,0,2.1619772434125304
2024-03-01 02:40:00,LINE-1-PRESS,58.880745850943256,53.623138351214195,1.7149856689172711,12.456352927560252,0,2.953408920428709
2024-03-01 02:40:00,LINE-2-ROBOT,69.75555038594882,60.18567469337643,1.7167932487726187,12.415885143637237,0,3.535810712704102
2024-03-01 02:40:00,LINE-3-CONVEYOR,53.950714585343974,51.644545536411954,1.2921448741536872,11.85964128164081,0,2.6976013298514343
2024-03-01 02:40:00,LINE-4-WELD,42.864071282056806,59.57152063114786,1.560573302900307,12.862001654268425,0,2.0085267889923224
2024-03-01 02:45:00,LINE-1-PRESS,67.38950031625248,58.48185035861044,1.8240212278917287,12.468410085916783,0,3.4712498807131733
2024-03-01 02:45:00,LINE-2-ROBOT,51.53351417252995,59.49561741999556,1.44294036752249,12.914576647689561,0,2.5795808295088194
2024-03-01 02:45:00,LINE-3-CONVEYOR,48.43613705131655,58.84843258311359,1.4613499986336334,12.700197200022862,0,2.6590298536407126
2024-03-01 02:45:00,LINE-4-WELD,79.85564250711644,59.5204447994686,1.4604104736129961,12.37788168414778,0,3.9641492310758504
2024-03-01 02:50:00,LINE-1-PRESS,80.30844711160556,52.3037125918959,1.1817004728160754,12.143187061577052,0,3.834549527593764
2024-03-01 02:50:00,LINE-2-ROBOT,53.31184398050653,65.43857018147577,1.1761152513130422,11.974723501964238,0,2.563458317401138
2024-03-01 02:50:00,LINE-3-CONVEYOR,49.1318124928189,62.69829536484957,1.928254443090803,12.32181347171679,0,2.2897559501651554
2024-03-01 02:50:00,LINE-4-WELD,75.95253576422158,57.60056116211398,1.4618094474256988,11.909604983589997,0,3.930950491390806
2024-03-01 02:55:00,LINE-1-PRESS,67.67541588245552,48.76230769701335,1.5784667504828718,12.671801131179855,0,3.4640894876292947
2024-03-01 02:55:00,LINE-2-ROBOT,45.65556341322905,50.511463005123744,1.34877807157445,12.006049773165095,0,2.5371511833198466
2024-03-01 02:55:00,LINE-3-CONVEYOR,68.53702586935458,56.79425768190484,1.2755319258494886,11.244535567476431,0,3.436966119169966
2024-03-01 02:55:00,LINE-4-WELD,54.26086687048283,47.2420499875121,1.8584783756807786,12.565707999097857,0,2.6576146648614385
2024-03-01 03:00:00,LINE-1-PRESS,48.51222973172989,46.216330733185856,1.2444923965283738,12.434128237144014,0,2.426059715455073
2024-03-01 03:00:00,LINE-2-ROBOT,62.46092752668058,60.31156192636065,2.109065118402229,12.217755638263021,0,3.0907000292612476
2024-03-01 03:00:00,LINE-3-CONVEYOR,65.72239812329305,56.47281421913905,1.624144946217811,11.824374127951824,0,3.5561411277771673
2024-03-01 03:00:00,LINE-4-WELD,51.141113965114535,54.24841275286804,1.326025935487841,12.142513335015227,0,2.708994659088293
2024-03-01 03:05:00,LINE-1-PRESS,60.65970162160321,49.94994669412962,1.7057056470646157,12.316647408927462,0,2.986589565754885
2024-03-01 03:05:00,LINE-2-ROBOT,39.06186919837904,52.04226940625429,1.7466120549645545,13.190271095386422,0,2.1525783762571633
2024-03-01 03:05:00,LINE-3-CONVEYOR,41.02140252841863,45.77671388991887,1.29886431657023,12.46734663391726,0,2.2277076102192543
2024-03-01 03:05:00,LINE-4-WELD,69.76826327454704,55.97500033583845,1.5215524177352642,12.20189479166254,0,3.415965353955201
2024-03-01 03:10:00,LINE-1-PRESS,47.07794622018746,51.47259675484819,1.6520544845326848,12.883676277327542,0,2.3070443603690762
2024-03-01 03:10:00,LINE-2-ROBOT,43.01617849810164,54.426938204998386,1.3191749386880511,12.141019859692337,0,2.073516945633925
2024-03-01 03:10:00,LINE-3-CONVEYOR,45.508278737321504,52.642544892491216,1.50785736431411,12.32817336178848,0,2.4186584673381404
2024-03-01 03:10:00,LINE-4-WELD,50.06730765236021,60.40736962177801,1.4588569681981034,12.265550264057893,0,2.5902586953334454
2024-03-01 03:15:00,LINE-1-PRESS,56.64520970365758,60.3503680518523,1.2633023578262277,12.25626164063967,0,2.823598947962881
2024-03-01 03:15:00,LINE-2-ROBOT,40.13033194372844,53.07108470039618,1.4174537081104903,12.724882579683898,0,2.0184396249053513
2024-03-01 03:15:00,LINE-3-CONVEYOR,55.07613400713641,54.726490923907335,2.2477920751071756,13.018397716250103,0,2.793729059298574
2024-03-01 03:15:00,LINE-4-WELD,40.94593226310014,53.768134781259846,1.471651581162472,12.418331698899069,0,2.134914237621847
2024-03-01 03:20:00,LINE-1-PRESS,72.29803990698,56.52762704105386,1.5040515598693884,11.581395002336016,0,3.5637086461331666
2024-03-01 03:20:00,LINE-2-ROBOT,68.22277000458827,50.286653239269604,1.4344400399968327,12.7173539343852,0,3.3848176192440036
2024-03-01 03:20:00,LINE-3-CONVEYOR,63.71919663883877,61.91557270534619,1.6626594707840414,13.0064045771018,0,3.130233771789758
2024-03-01 03:20:00,LINE-4-WELD,79.46701470856625,57.64945274799957,1.4074907516616348,12.39882312012726,0,3.791263042237505
2024-03-01 03:25:00,LINE-1-PRESS,35.73473914688539,55.15269152290919,1.2256997717111702,12.835883608293733,0,2.1316723636079313
2024-03-01 03:25:00,LINE-2-ROBOT,77.78228886775563,57.87243469572558,1.4670639955109315,13.49968863268505,0,3.7226273976776185
2024-03-01 03:25:00,LINE-3-CONVEYOR,66.36266151291817,54.720654350607774,1.5857172331423164,12.36548641984424,0,3.2419421796391363
2024-03-01 03:25:00,LINE-4-WELD,73.20701840253294,52.5104745868255,1.3935457186757243,13.065487213903136,0,3.592873069074301
2024-03-01 03:30:00,LINE-1-PRESS,75.865062823746,40.39502342651534,1.4316056205279717,12.066906793434004,1,3.930004873529342
2024-03-01 03:30:00,LINE-2-ROBOT,64.22167889779175,57.471100596392475,1.4219285593581485,12.780804375374801,0,3.038480004087385
2024-03-01 03:30:00,LINE-3-CONVEYOR,71.54725364377798,57.92020204627663,1.2730119932394466,12.096864466648938,0,3.564325946512634
2024-03-01 03:30:00,LINE-4-WELD,69.64471077376032,52.013274930350086,1.6589434064613289,12.23594473230575,0,3.657402768455205
2024-03-01 03:35:00,LINE-1-PRESS,40.76944443460456,51.72977482510202,1.7253991003862525,11.997556545840078,0,2.087727131869024
2024-03-01 03:35:00,LINE-2-ROBOT,62.752993717572,57.00875955002843,1.4303401761702887,12.91577901124191,0,3.058870338312134
2024-03-01 03:35:00,LINE-3-CONVEYOR,81.29177767973363,53.210323729011776,1.4661344606463054,12.915564217624366,0,3.863744503072947
2024-03-01 03:35:00,LINE-4-WELD,57.26294812672665,52.13514267230313,1.582046968884324,12.458741132092198,0,2.8591115490838073
2024-03-01 03:40:00,LINE-1-PRESS,72.13234202668038,47.98505007422644,1.3600044631121544,12.01228873981133,0,3.403210506316439
2024-03-01 03:40:00,LINE-2-ROBOT,54.76002852330923,45.85685794831298,1.392707371176253,12.18315600793067,0,2.8113139559763587
2024-03-01 03:40:00,LINE-3-CONVEYOR,73.49582077404243,63.114206236820976,1.3397214481521689,12.072883069512732,0,3.496236123072526
2024-03-01 03:40:00,LINE-4-WELD,47.908561753623644,54.384268553503944,1.4967904751833303,12.700151703249345,0,2.3614896756272334
2024-03-01 03:45:00,LINE-1-PRESS,77.66627704644641,58.16510474143478,1.30472532196296,12.955625400491924,0,3.5239263474869498
2024-03-01 03:45:00,LINE-2-ROBOT,48.41289223887953,64.48947116196305,1.3651601963604032,11.67981897972011,0,2.130711230189522
2024-03-01 03:45:00,LINE-3-CONVEYOR,45.61866906832437,54.012890411676835,1.3598722264306928,12.768521266680343,0,2.153516496736783
2024-03-01 03:45:00,LINE-4-WELD,79.28830575900035,58.972698590796774,1.287016756355812,12.364970163223482,0,3.9459574538046644
2024-03-01 03:50:00,LINE-1-PRESS,61.70614842061651,55.71266851145731,1.5603349437619436,12.232166364383968,0,2.903443379709465
2024-03-01 03:50:00,LINE-2-ROBOT,58.72424486715412,46.76244678073528,2.0463529800342326,11.331049249426014,0,2.967997417425866
2024-03-01 03:50:00,LINE-3-CONVEYOR,37.87811933462493,60.14059547988055,1.2963546472797896,12.117027029986653,0,2.072769054615514
2024-03-01 03:50:00,LINE-4-WELD,66.1058384995511,55.003868546173706,1.3658000772047278,11.589566992769017,0,3.1324210198500237
2024-03-01 03:55:00,LINE-1-PRESS,71.05249020627357,52.69445211210144,1.8430514205325144,11.637326762870488,1,3.7005695286789067
2024-03-01 03:55:00,LINE-2-ROBOT,45.06872944619403,53.97526278513475,1.6433466015410843,12.978195133170985,0,2.122250806161802
2024-03-01 03:55:00,LINE-3-CONVEYOR,69.87131221703162,53.7949337810727,1.6849966494644177,12.624940113163397,1,3.5377354574967987
2024-03-01 03:55:00,LINE-4-WELD,70.2239975733063,57.32832351139177,1.5620205776989373,12.848844019507041,0,3.3531689719949855
2024-03-01 04:00:00,LINE-1-PRESS,71.54501927437161,57.60587875906928,1.5617701116607527,12.268555412287386,0,3.506655648161732
2024-03-01 04:00:00,LINE-2-ROBOT,78.31738960740992,59.83720230068953,1.5607463661678813,12.441276062363832,0,3.9776748143887843
2024-03-01 04:00:00,LINE-3-CONVEYOR,79.72598331940864,60.62633873093826,1.417830613980157,12.711752882963921,0,3.9460607280845075
2024-03-01 04:00:00,LINE-4-WELD,73.3488579212601,52.50485372494571,1.465326628922871,13.555764665655051,0,3.5893497735076663
2024-03-01 04:05:00,LINE-1-PRESS,44.456529006224635,53.610621464218674,1.6449047188041122,12.593008561217376,0,2.344301346488608
2024-03-01 04:05:00,LINE-2-ROBOT,57.76137237525706,57.472207746064385,1.3368737132706896,11.715280552972871,0,2.9713945962371793
2024-03-01 04:05:00,LINE-3-CONVEYOR,48.219363038308806,60.230161662756814,1.7698905229830706,12.685267934991796,0,2.5974010128291054
2024-03-01 04:05:00,LINE-4-WELD,61.78040978010871,47.789535013450624,1.299831072936763,13.060443831530566,0,3.2056560490183528
2024-03-01 04:10:00,LINE-1-PRESS,65.28140781577561,62.146963200506605,1.468159812874593,12.298482142817978,0,3.248743502989294
2024-03-01 04:10:00,LINE-2-ROBOT,72.31868446596884,57.57997118842287,1.2999591600028448,13.015092699300752,0,3.611755797071901
2024-03-01 04:10:00,LINE-3-CONVEYOR,71.87536741396586,57.72636582743608,1.6580165424891429,12.336924890974693,0,3.754933962865657
2024-03-01 04:10:00,LINE-4-WELD,77.98669897540366,47.25037580442313,1.7018792641883027,12.141862716665072,0,3.824732346468322
2024-03-01 04:15:00,LINE-1-PRESS,68.55265439497958,63.71270151671203,1.5307346736972132,13.028465890624396,0,3.4458654376552458
2024-03-01 04:15:00,LINE-2-ROBOT,61.515887043710705,52.72448394069322,1.604530962172884,12.421624355258379,0,3.3096352045750104
2024-03-01 04:15:00,LINE-3-CONVEYOR,65.70795921365846,62.673604716398344,1.6354515260706426,12.078520067077054,0,3.3623280068578563
2024-03-01 04:15:00,LINE-4-WELD,60.1065541802308,57.47346566772628,1.6152948279661754,12.161973598597882,0,3.27659853572888
2024-03-01 04:20:00,LINE-1-PRESS,61.58646513716402,58.00860686302818,1.2735753142140955,12.610809473924656,0,3.0108943798411074
2024-03-01 04:20:00,LINE-2-ROBOT,70.37308207787893,61.992218251918274,1.477996641848841,12.373560765274808,0,3.399479923834232
2024-03-01 04:20:00,LINE-3-CONVEYOR,52.22212548649581,58.394982628712164,1.3153307215080732,13.273509953527746,0,2.5236100020383843
2024-03-01 04:20:00,LINE-4-WELD,53.71614659344731,59.67157239867152,1.8268567687343786,12.98307401549934,0,2.4990373450857053
2024-03-01 04:25:00,LINE-1-PRESS,74.86308384382848,60.27004320030463,1.2084403243844468,12.383960962320812,0,3.7143354692133848
2024-03-01 04:25:00,LINE-2-ROBOT,39.39081319590537,63.8604949171471,1.7814878227834456,12.62409264204608,1,2.1240669732095663
2024-03-01 04:25:00,LINE-3-CONVEYOR,45.057905656374516,56.59421520070228,1.5128147677840749,11.66179339876988,0,2.062155070439609
2024-03-01 04:25:00,LINE-4-WELD,66.31667177666893,59.15473339683307,1.6068975909655165,13.464036415108906,0,3.3610904529520864
2024-03-01 04:30:00,LINE-1-PRESS,73.41171875625918,59.779993028200614,1.3827494285448443,12.511465175283806,0,3.8543751536715445
2024-03-01 04:30:00,LINE-2-ROBOT,72.0002896468483,51.570861595966306,1.2445992102896313,12.85249689300307,0,3.3950815700572727
2024-03-01 04:30:00,LINE-3-CONVEYOR,51.631142248333575,59.81570486587526,1.4254657674427236,13.493132340244763,0,2.530101516508364
2024-03-01 04:30:00,LINE-4-WELD,68.45663721138199,47.72185503797951,1.2583451521147893,12.197513339065265,1,3.333710535333206
2024-03-01 04:35:00,LINE-1-PRESS,48.32923982995239,59.9688355252814,1.5232873861167067,12.875157794658465,1,2.4014145705345964
2024-03-01 04:35:00,LINE-2-ROBOT,62.65848689524448,60.64683811564176,1.0727972901121305,12.162621630038457,0,2.982425686522084
2024-03-01 04:35:00,LINE-3-CONVEYOR,58.95957670582637,60.07044562354882,1.6172926944727604,12.579532841513341,0,3.0356519317962776
2024-03-01 04:35:00,LINE-4-WELD,65.44162938349828,58.957540859732596,1.5832214296567426,12.017374740634232,0,3.207419043243586
2024-03-01 04:40:00,LINE-1-PRESS,45.674315961335296,49.38133967184543,1.0802956450186634,10.940262538065994,0,2.348455820765761
2024-03-01 04:40:00,LINE-2-ROBOT,65.6681124359037,55.749516486953056,1.2375780938283758,11.90126370118481,0,3.4264911414093913
2024-03-01 04:40:00,LINE-3-CONVEYOR,78.35161479151543,53.31559538302421,1.2812374986619581,11.82775148787141,0,3.8310832371426935
2024-03-01 04:40:00,LINE-4-WELD,60.28620091647023,54.68455523658195,1.8320757637945944,12.210589139206586,0,3.316757345794872
2024-03-01 04:45:00,LINE-1-PRESS,63.068363270246465,57.76733950694073,1.5722201518619636,11.835185303220424,0,3.132287811995663
2024-03-01 04:45:00,LINE-2-ROBOT,73.46560075065243,58.34404253759137,1.6284256592369033,12.844205526944393,0,3.5346006967106467
2024-03-01 04:45:00,LINE-3-CONVEYOR,53.32314460628211,52.54806195118243,1.598646034916554,12.396988157692027,0,2.5363580475552854
2024-03-01 04:45:00,LINE-4-WELD,69.0203524763893,60.1116249760824,1.419942673963697,13.42025795612129,0,3.697277773679248
2024-03-01 04:50:00,LINE-1-PRESS,52.79922682898791,55.36047400419878,1.872464194649748,11.882129584501088,0,2.8788652527420213
2024-03-01 04:50:00,LINE-2-ROBOT,72.94749796465032,55.133257510004086,1.396430819771493,12.218386461527302,0,3.4529755822870443
2024-03-01 04:50:00,LINE-3-CONVEYOR,50.16287929443235,51.211016467983285,1.5479778960236317,12.221676392854146,0,2.6051974430074565
2024-03-01 04:50:00,LINE-4-WELD,41.52970687840342,50.42776216705721,1.5469425109971369,12.300735350212152,0,2.274538219105249
2024-03-01 04:55:00,LINE-1-PRESS,72.23833878420699,57.60210374650197,1.7118323463483718,12.075149595449908,1,3.4964202765360297
2024-03-01 04:55:00,LINE-2-ROBOT,71.91193293617198,52.866178388357326,1.4533335317648808,12.246012881379242,0,3.7426951731982325
2024-03-01 04:55:00,LINE-3-CONVEYOR,65.51635263534331,53.82690980739551,1.3355390639087117,12.140119667524672,0,3.3149594560923283
2024-03-01 04:55:00,LINE-4-WELD,47.5181048461823,61.41380926417676,1.9794233429063617,12.463063616229451,0,2.3194652157454665
2024-03-01 05:00:00,LINE-1-PRESS,57.35823751925733,58.25633152505342,1.57032083780534,12.60259980897697,0,2.8364664215821054
2024-03-01 05:00:00,LINE-2-ROBOT,73.20564786162859,49.448279868511925,0.9244299697319222,12.83430497474123,0,3.3422369092767426
2024-03-01 05:00:00,LINE-3-CONVEYOR,48.97276878339873,59.193968491839144,2.515605402352419,12.243315615591971,0,2.4896153835693515
2024-03-01 05:00:00,LINE-4-WELD,57.747478936876526,62.780521191927654,1.3163533075189155,12.366464730808456,0,2.9473084651552703
2024-03-01 05:05:00,LINE-1-PRESS,42.90482900584775,61.94599652932687,1.4793492739078162,12.570262823426788,0,2.247062203029222
2024-03-01 05:05:00,LINE-2-ROBOT,46.21957597427745,53.703003697487546,1.345173411630123,12.398141109698521,0,2.384698533299714
2024-03-01 05:05:00,LINE-3-CONVEYOR,52.12655602253708,50.87766975593628,1.5145766959422646,12.417438718330356,0,2.492545519538195
2024-03-01 05:05:00,LINE-4-WELD,48.10904323928705,57.839445770558065,2.3600442810060476,12.436588752173522,0,2.1258957381359838
2024-03-01 05:10:00,LINE-1-PRESS,79.03280578238555,56.3736182422491,1.302740969085513,13.387689647051657,0,3.8484549319227366
2024-03-01 05:10:00,LINE-2-ROBOT,77.71549193200605,55.82358634985017,1.6468680576943868,12.108764237072455,0,3.881779469187276
2024-03-01 05:10:00,LINE-3-CONVEYOR,63.46067976222661,52.45405084944119,1.8965194070972617,11.52770468804822,0,3.2169216341779956
2024-03-01 05:10:00,LINE-4-WELD,42.89111591327587,59.984357851131605,1.4877065177623425,11.531307442548524,0,2.373697185783682
2024-03-01 05:15:00,LINE-1-PRESS,74.47618201338234,60.664475859456815,1.8190227717594785,12.522647482162542,0,3.5496588232745494
2024-03-01 05:15:00,LINE-2-ROBOT,62.85712600219705,54.0724680090514,1.8252671404431353,13.2930414958606,0,3.5326069548618513
2024-03-01 05:15:00,LINE-3-CONVEYOR,66.73060915165104,64.71320953213016,1.0288809291227872,13.015082754242696,0,3.4683519215172236
2024-03-01 05:15:00,LINE-4-WELD,67.27503065137714,55.26467037026771,1.5055762083000028,12.810786386209708,0,3.183259000219407
2024-03-01 05:20:00,LINE-1-PRESS,62.9109189456328,49.99130628363987,1.8748692739760284,12.498676434376948,0,3.270546491993648
2024-03-01 05:20:00,LINE-2-ROBOT,76.49912686485837,47.353846100276535,1.607804448529008,12.763803257444629,0,3.6017293317442114
2024-03-01 05:20:00,LINE-3-CONVEYOR,52.796989465483634,55.4211685286303,1.5541628313762028,12.835749764250124,0,2.521249798261006
2024-03-01 05:20:00,LINE-4-WELD,65.98063126365122,50.78778022534648,1.5836224192586155,12.989758800443598,0,3.355868102484184
2024-03-01 05:25:00,LINE-1-PRESS,53.627105580274,55.15065514625817,1.7266061637443286,13.085904340357514,0,2.7065610108517895
2024-03-01 05:25:00,LINE-2-ROBOT,48.85962599132998,59.28154488477759,2.0858884875208474,12.232195542370453,0,2.1837650296903
2024-03-01 05:25:00,LINE-3-CONVEYOR,56.19670857396076,58.91095351980665,1.3515397764732286,13.216271638496915,0,2.6977443995732826
2024-03-01 05:25:00,LINE-4-WELD,65.694392709211,49.705549034423555,1.7691099087825204,12.619100327031006,0,3.281380479927455
2024-03-01 05:30:00,LINE-1-PRESS,75.66952596596174,60.549153811200156,1.219460674274058,12.218839464005654,0,3.773360543875012
2024-03-01 05:30:00,LINE-2-ROBOT,54.21721312817355,55.653071987896524,1.209107693119406,12.714940786580742,0,2.4434070712554647
2024-03-01 05:30:00,LINE-3-CONVEYOR,75.30265159235573,50.68093390409835,1.396584962682129,12.019627943421224,1,3.726510176689137
2024-03-01 05:30:00,LINE-4-WELD,55.59010472835331,62.71240933422075,0.8834389714102373,13.710469257829418,0,2.832991038978192
2024-03-01 05:35:00,LINE-1-PRESS,65.90843546839187,58.73454308858405,1.2540409352067226,12.640116390736598,0,3.2126552981551932
2024-03-01 05:35:00,LINE-2-ROBOT,60.67754099054547,52.71377397429454,1.4253711454107516,12.46750950950476,0,2.8399373582194505
2024-03-01 05:35:00,LINE-3-CONVEYOR,61.41993080707821,60.78996526289794,1.8024966893328807,12.957326192036968,0,3.025049468528549
2024-03-01 05:35:00,LINE-4-WELD,66.85801651680228,59.10968899122834,1.4757649057247895,12.89343111992113,0,3.2726672180555303
2024-03-01 05:40:00,LINE-1-PRESS,42.65194306156008,50.71216285305946,1.551415039734986,12.759901876777816,0,2.2475945547866343
2024-03-01 05:40:00,LINE-2-ROBOT,63.25129529480846,57.169520765298024,1.3553159456661485,12.526602716224449,0,3.280546172969665
2024-03-01 05:40:00,LINE-3-CONVEYOR,48.13434377169825,51.18954908341616,1.192685230862049,12.290974567971515,0,2.3296109940853214
2024-03-01 05:40:00,LINE-4-WELD,69.40367348214114,53.58697574261149,1.9339435886818366,12.3161383562622,0,3.685560682428225
2024-03-01 05:45:00,LINE-1-PRESS,62.980686171973936,51.21194858555859,1.5206192065019608,11.797156315091044,0,3.2104886808980764
2024-03-01 05:45:00,LINE-2-ROBOT,71.26038303384168,56.984651640028076,1.5131347646283662,12.565753477226423,0,3.6307656397985077
2024-03-01 05:45:00,LINE-3-CONVEYOR,71.66613322514016,54.35793708584347,1.3169650619253366,13.08260819103768,0,3.4386020495179164
2024-03-01 05:45:00,LINE-4-WELD,43.73777206391441,55.27985126789378,1.7184114050252615,12.216450513498605,0,2.164708314737516
2024-03-01 05:50:00,LINE-1-PRESS,51.22917748407199,55.26930483657917,1.7842475531843067,12.39206010063604,0,2.656269104850484
2024-03-01 05:50:00,LINE-2-ROBOT,50.35164827252097,53.629838685871405,1.6103256124180678,12.218134723410369,0,2.5707845334034443
2024-03-01 05:50:00,LINE-3-CONVEYOR,52.88063004418155,49.24345250296318,1.4118134474914206,12.219641942366385,0,2.7226757796890317
2024-03-01 05:50:00,LINE-4-WELD,57.25129631762869,52.88979782746866,1.7203564927054786,12.285391273863981,0,2.82492257950755
2024-03-01 05:55:00,LINE-1-PRESS,71.20221347078831,47.85921678108025,1.6528095279649495,12.987344569139312,0,3.526862239077322
2024-03-01 05:55:00,LINE-2-ROBOT,73.38110790459112,49.77154249555222,1.8511347860464633,13.38439362934933,0,3.699737219107579
2024-03-01 05:55:00,LINE-3-CONVEYOR,64.44290380788598,48.56348900759845,1.9335028953124322,12.656186643460037,0,3.0344045394684023
2024-03-01 05:55:00,LINE-4-WELD,42.267241718697534,50.79539716569885,1.0458218214199517,12.348741193092886,0,2.334439163797018
2024-03-01 06:00:00,LINE-1-PRESS,57.8111606167185,45.8898407486454,1.4399752026407513,11.81235922671566,0,3.034042815815646
2024-03-01 06:00:00,LINE-2-ROBOT,44.38119127271241,58.41383756153947,1.5126540509682482,12.095865778283654,1,2.5532261606728053
2024-03-01 06:00:00,LINE-3-CONVEYOR,63.780395180377404,56.9807179217039,1.4364950012266893,12.387545534075695,0,3.1293373482674958
2024-03-01 06:00:00,LINE-4-WELD,69.6217151417764,60.78837580140364,1.5889037776696049,12.913893474346573,0,3.4149417669672286
2024-03-01 06:05:00,LINE-1-PRESS,52.0317189536591,58.368334688943676,1.3645276328587614,12.218226171232667,0,2.512562187471908
2024-03-01 06:05:00,LINE-2-ROBOT,56.910201081792046,56.655098624017505,1.4488315085700882,12.304529234758853,0,2.706864493225006
2024-03-01 06:05:00,LINE-3-CONVEYOR,59.70551351187632,60.12503909449789,1.785912479509565,11.685358598542905,0,3.1214373738855383
2024-03-01 06:05:00,LINE-4-WELD,72.0922226017852,61.53860345984933,1.4512341498956856,12.103686282677419,0,3.7203869085925834
2024-03-01 06:10:00,LINE-1-PRESS,61.74075153275211,56.98409063490562,2.030511308274857,12.732435652923355,0,2.8729931807351905
2024-03-01 06:10:00,LINE-2-ROBOT,56.209125936399275,57.28096318707154,1.3732795502429886,12.588143879449905,0,2.6657213020908586
2024-03-01 06:10:00,LINE-3-CONVEYOR,69.92100951161432,53.38844077873994,1.1398513853150272,11.878209703730068,0,3.7666563545711913
2024-03-01 06:10:00,LINE-4-WELD,78.14807147979293,53.31198124661761,1.5164368704135514,12.170855304686947,0,3.769956858165112
2024-03-01 06:15:00,LINE-1-PRESS,74.07125662846609,53.92639565699568,1.5876582646118786,13.09932573656659,0,3.7032338488953487
2024-03-01 06:15:00,LINE-2-ROBOT,43.58625346206399,48.139239759400105,1.574128179454041,12.660307363592509,0,2.1768298488550073
2024-03-01 06:15:00,LINE-3-CONVEYOR,52.84648204354451,53.563473088299446,1.309802176226775,13.040209234044491,0,2.687135363184369
2024-03-01 06:15:00,LINE-4-WELD,71.35917050091633,48.91261573568947,1.5660843246674674,12.763109323976161,0,3.646452269922848
2024-03-01 06:20:00,LINE-1-PRESS,48.43623324307038,49.26478047900635,1.3997841060784937,11.9048169318812,0,2.438211753724274
2024-03-01 06:20:00,LINE-2-ROBOT,72.36229052384988,53.19912567774538,1.3753438384810628,12.957355856909132,0,3.4856575299617543
2024-03-01 06:20:00,LINE-3-CONVEYOR,55.067297961198,60.18319292295506,1.2251012050717938,12.028765711539219,0,2.6617614605607924
2024-03-01 06:20:00,LINE-4-WELD,52.094090192319946,55.70718659609575,3.2827523719030225,12.06234680978014,0,2.671111169482557
2024-03-01 06:25:00,LINE-1-PRESS,67.37676340167698,50.34884964352711,1.294082219398593,13.039211263211294,0,3.4459097092968225
2024-03-01 06:25:00,LINE-2-ROBOT,60.379472346768516,54.61817750284142,1.2877140201221133,13.028854351932308,0,2.9160159178786254
2024-03-01 06:25:00,LINE-3-CONVEYOR,54.49470816493763,50.62750023745609,1.5821868015455385,11.517250813997325,0,2.811026766545569
2024-03-01 06:25:00,LINE-4-WELD,65.50354181137492,50.76987692233599,1.2289753200590054,12.632668082677577,0,3.1744760494521893
2024-03-01 06:30:00,LINE-1-PRESS,67.74168548801246,58.475712137589824,1.566995218045775,12.293946663653198,0,3.4632881791463483
2024-03-01 06:30:00,LINE-2-ROBOT,46.25250751064597,54.362457704759215,1.6588116929054244,12.735955002245607,0,2.216832250962053
2024-03-01 06:30:00,LINE-3-CONVEYOR,40.04574987002224,59.41230575032903,1.3548495276835941,11.502384186441638,0,2.2322396726890625
2024-03-01 06:30:00,LINE-4-WELD,41.402984457789856,50.01208794845087,1.4514168576749786,12.187046885525431,0,2.2008777063380944
2024-03-01 06:35:00,LINE-1-PRESS,64.33627969893976,60.790849824399864,1.1901871960287775,11.608442156553226,0,3.4067747233368855
2024-03-01 06:35:00,LINE-2-ROBOT,69.18856728144016,44.76961514549282,1.3161838876712293,12.268659355807715,1,3.6419995555325784
2024-03-01 06:35:00,LINE-3-CONVEYOR,75.40248728032502,57.00076481943354,1.5245177131198486,13.88323304220948,0,3.7840876349821
2024-03-01 06:35:00,LINE-4-WELD,60.31626580381056,57.231253820299266,1.651158308976264,12.671953781245064,0,3.1446266981645468
2024-03-01 06:40:00,LINE-1-PRESS,60.07162656879467,55.86248049516166,1.6626003617433593,13.012439616413321,0,2.9451700237895833
2024-03-01 06:40:00,LINE-2-ROBOT,48.848660577886726,55.378429351829844,1.4804387488091693,12.089829838628452,0,2.444721195666323
2024-03-01 06:40:00,LINE-3-CONVEYOR,56.1858261288625,52.02258856778499,1.561573166946196,13.154713150972757,0,2.6947975468664596
2024-03-01 06:40:00,LINE-4-WELD,40.50101801813261,50.57400525498025,1.5835928551698994,13.142611808460897,0,2.0080421972829234
2024-03-01 06:45:00,LINE-1-PRESS,44.655294338703115,60.42492267541979,1.7514557802268818,12.688311492339746,0,2.354079128701216
2024-03-01 06:45:00,LINE-2-ROBOT,54.6956040462866,61.66558144462608,1.321555408935599,13.441436838232889,0,2.7969193882355117
2024-03-01 06:45:00,LINE-3-CONVEYOR,78.17548626837004,64.12492458108412,1.763861729717427,13.108307729399305,0,3.692187609599919
2024-03-01 06:45:00,LINE-4-WELD,51.69863896945977,51.29200996736801,1.7917233694594035,12.396813785835484,0,2.484060558186268
2024-03-01 06:50:00,LINE-1-PRESS,47.47917968521308,60.73859520052589,1.418439413049182,12.509224289360105,0,2.59701687305304
2024-03-01 06:50:00,LINE-2-ROBOT,56.92622615844449,49.10051317618624,1.6140305399899426,12.594317852039882,0,2.886656214284676
2024-03-01 06:50:00,LINE-3-CONVEYOR,74.17295581503792,57.25006725229751,2.010770155395065,12.358070340341873,0,3.726255981857377
2024-03-01 06:50:00,LINE-4-WELD,42.3505770696681,54.97837637328387,1.5877178851079277,11.675389080870634,0,2.132214552045553
2024-03-01 06:55:00,LINE-1-PRESS,56.61974641094561,51.0373566335349,2.3264146394202485,13.097346232528515,0,3.101983121974551
2024-03-01 06:55:00,LINE-2-ROBOT,74.35975609655057,49.493963314515355,1.2452941349123021,12.987861323250797,0,3.570728854345567
2024-03-01 06:55:00,LINE-3-CONVEYOR,51.69783191599628,51.64634546991298,1.218945710554928,12.247894952349824,0,2.765302589556888
2024-03-01 06:55:00,LINE-4-WELD,74.09391577574038,53.51684117876,1.5722325146554772,12.713318908897532,0,3.920599408339821
2024-03-01 07:00:00,LINE-1-PRESS,44.84220706097573,55.33382060736442,1.4816609635434352,11.840444272337992,0,2.328133346494636
2024-03-01 07:00:00,LINE-2-ROBOT,57.381477967752055,53.87457165322892,1.1266407464475465,12.164703674043832,0,2.885358076547886
2024-03-01 07:00:00,LINE-3-CONVEYOR,79.23209453725241,59.21058073082634,1.1319176606957606,12.857851170329523,0,3.7956633035495297
2024-03-01 07:00:00,LINE-4-WELD,76.85628404629065,40.62592033438979,1.5972090136535642,12.51346295087402,0,3.938141599080602
2024-03-01 07:05:00,LINE-1-PRESS,51.95187582339078,57.603167091272624,1.3745764231336577,12.120861798538497,0,2.7853601761270106
2024-03-01 07:05:00,LINE-2-ROBOT,76.02275967691659,54.63902231701647,1.7541680938527069,11.983434708270956,0,3.7662250691721795
2024-03-01 07:05:00,LINE-3-CONVEYOR,45.548174186448016,52.905117483415545,1.4393334493455014,13.036984770718869,0,2.4750433294019105
2024-03-01 07:05:00,LINE-4-WELD,79.62931552771178,62.03749186974164,2.4147189409808423,12.431673057945428,0,3.7107934118435173
2024-03-01 07:10:00,LINE-1-PRESS,68.09454742108355,59.682968994277196,1.4910287622369371,11.864427311720464,0,3.493965342141933
2024-03-01 07:10:00,LINE-2-ROBOT,67.13496515911727,56.43497596543809,1.6143814931330875,13.224201036317806,0,3.4637139837214956
2024-03-01 07:10:00,LINE-3-CONVEYOR,41.95855435472326,51.01447782934248,1.4992643091875508,12.61017691640348,0,2.1957780682410073
2024-03-01 07:10:00,LINE-4-WELD,54.751229854737915,58.431961296207724,1.1841973404859512,12.084609835003203,0,2.913832342076215
2024-03-01 07:15:00,LINE-1-PRESS,76.58733711845821,47.71176321507636,1.5142391237478994,12.749500448648472,0,3.8291527803731737
2024-03-01 07:15:00,LINE-2-ROBOT,67.02242191944585,56.393235342153886,1.418999769120599,12.18095276616299,0,3.639338171617414
2024-03-01 07:15:00,LINE-3-CONVEYOR,48.49016505402862,54.54855012325012,1.8026437442898768,12.202770812601342,0,2.459987141710942
2024-03-01 07:15:00,LINE-4-WELD,59.569660117900696,67.36507901961737,1.7175987533943542,13.358213740738542,0,2.813666409341365
2024-03-01 07:20:00,LINE-1-PRESS,53.34316937762854,56.75170517225734,1.55842385208923,11.728126239776852,0,2.649417938765196
2024-03-01 07:20:00,LINE-2-ROBOT,47.76645838192346,55.69217259674932,1.3191757185915798,12.949341191240599,0,2.3982114953951026
2024-03-01 07:20:00,LINE-3-CONVEYOR,68.3613452117461,60.4864724163506,1.3405414634151211,12.227220904712578,0,3.4316881357414855
2024-03-01 07:20:00,LINE-4-WELD,63.764429683355594,58.16569199091422,1.4818787434677647,12.389750796184321,0,3.196716028292963
2024-03-01 07:25:00,LINE-1-PRESS,74.37732692907628,49.312452399607565,1.4729778407339043,12.52740492991165,0,3.8724111302162254
2024-03-01 07:25:00,LINE-2-ROBOT,69.95562230503533,56.128234628555944,1.5655367374055884,11.636808382389606,0,3.41090479622887
2024-03-01 07:25:00,LINE-3-CONVEYOR,66.45406511714887,46.4842676222628,1.4034536045518835,11.837444806438121,0,3.436050732924262
2024-03-01 07:25:00,LINE-4-WELD,44.132076303819396,57.17492301065897,1.2835641567537628,12.17366100670637,0,2.257414579507459
2024-03-01 07:30:00,LINE-1-PRESS,65.77015601727804,47.37586008358039,1.5006831768017024,13.776354527075076,0,3.2634215637680226
2024-03-01 07:30:00,LINE-2-ROBOT,60.403108973409765,54.661847303619915,1.805653273441797,11.920449206911716,0,2.9815705978188443
2024-03-01 07:30:00,LINE-3-CONVEYOR,52.39683967535164,61.71563610866947,1.2569820682213932,13.126345298520047,0,2.8401239698937055
2024-03-01 07:30:00,LINE-4-WELD,59.607763474938274,44.01682224750482,1.4798772474669744,12.335485651598333,0,2.8770823682819446
2024-03-01 07:35:00,LINE-1-PRESS,38.76874782181508,53.57080145221684,1.6592345717976695,13.037018543993806,1,2.162033162217454
2024-03-01 07:35:00,LINE-2-ROBOT,63.22841836370638,47.780919088847895,1.3525431700918373,13.099678402640858,0,3.30971988854467
2024-03-01 07:35:00,LINE-3-CONVEYOR,58.73039490589867,55.04274996684401,1.523445866333745,12.560482230351361,0,3.005564794063139
2024-03-01 07:35:00,LINE-4-WELD,46.55022009207447,59.46448663491711,1.4596102736788972,13.016196445755345,0,2.308464410176393
2024-03-01 07:40:00,LINE-1-PRESS,77.29127304403595,53.11755108681119,1.9034725474451277,12.936969127093002,0,3.764515691846135
2024-03-01 07:40:00,LINE-2-ROBOT,78.26288970485746,55.20615482629439,1.1715729500734093,13.075795853161823,0,3.9869983238210076
2024-03-01 07:40:00,LINE-3-CONVEYOR,80.43873743151332,50.785013146364314,1.9211176073683007,12.324005943746473,0,4.010165003985904
2024-03-01 07:40:00,LINE-4-WELD,50.75972691611789,53.69257693381289,1.5139378758122182,13.051843335475747,0,2.686964912916854
2024-03-01 07:45:00,LINE-1-PRESS,72.22253163561906,56.59415442185437,1.6149429454231985,12.331426881056395,0,3.25738733784839
2024-03-01 07:45:00,LINE-2-ROBOT,40.67700571330247,54.634824051027536,1.430462632968904,12.621797996022336,0,2.264476515289859
2024-03-01 07:45:00,LINE-3-CONVEYOR,67.97163069121657,55.054082597112675,1.3199500044196981,12.63384960025455,0,3.5128670019108816
2024-03-01 07:45:00,LINE-4-WELD,52.673260875176915,53.60382877313491,1.3058121553847202,12.842948679921701,0,2.6434094388215374
2024-03-01 07:50:00,LINE-1-PRESS,54.1818679179301,46.24458333727638,1.6746670625424582,12.598489902732622,0,2.8718540493735656
2024-03-01 07:50:00,LINE-2-ROBOT,48.302302297802335,54.514272024983946,1.4977071156679724,13.271893365591774,0,2.1197522140106675
2024-03-01 07:50:00,LINE-3-CONVEYOR,44.439961007699075,57.66735756306963,1.4621194664387007,12.782905786043413,1,2.335181714350173
2024-03-01 07:50:00,LINE-4-WELD,49.383928169538535,52.01803975108282,1.761081239358853,12.324983640238111,0,2.452548632311077
2024-03-01 07:55:00,LINE-1-PRESS,58.60910032225502,55.09875211529681,1.5464074151361404,12.668198132814437,0,2.8572511311574327
2024-03-01 07:55:00,LINE-2-ROBOT,37.71809907907476,54.27854148447983,1.1426944083230308,11.60962390231402,0,2.0388279001653187
2024-03-01 07:55:00,LINE-3-CONVEYOR,44.42163103335347,53.002274435414925,1.5611062017512831,11.853564885494626,0,2.199987637584315
2024-03-01 07:55:00,LINE-4-WELD,42.14592621176373,58.94823837394592,1.415636478786631,12.641329395114951,0,2.292939112698929
2024-03-01 08:00:00,LINE-1-PRESS,73.8342506139572,53.45106218100696,1.251848811180496,11.806123219149871,0,3.8861649089110815
2024-03-01 08:00:00,LINE-2-ROBOT,56.464700807569066,51.841026635364535,1.5056941582218855,12.647379431027652,0,2.6253306016404303
2024-03-01 08:00:00,LINE-3-CONVEYOR,47.71507336794615,56.82364568646352,1.4892796584279078,11.938867956392984,0,2.40422207164112
2024-03-01 08:00:00,LINE-4-WELD,55.987001403007156,57.294949496370144,1.4299315048152323,13.911558705633572,0,2.6287715150640443
2024-03-01 08:05:00,LINE-1-PRESS,56.94266748482947,57.43694509571174,1.083288569078792,13.294649347268917,0,2.759143062157742
2024-03-01 08:05:00,LINE-2-ROBOT,55.26938066472218,52.182488604275754,1.5634140904937692,12.683023898749589,0,2.7238443752975585
2024-03-01 08:05:00,LINE-3-CONVEYOR,67.07266253025644,59.94648497716734,1.132428169609706,11.861913855805701,0,3.3315581448248923
2024-03-01 08:05:00,LINE-4-WELD,55.88999297055904,55.316715768474225,1.463534597486404,12.269954539928058,0,3.2517033726503
2024-03-01 08:10:00,LINE-1-PRESS,52.91425252595852,54.720035041509654,1.724870032279739,11.72743454744418,0,2.455975827250817
2024-03-01 08:10:00,LINE-2-ROBOT,47.47521485323166,44.225173897499474,1.5911100694809557,12.892042273291802,0,2.504651809377217
2024-03-01 08:10:00,LINE-3-CONVEYOR,73.2009894140039,63.12013715673679,1.368368552757079,12.291463098922964,0,3.7844613890129923
2024-03-01 08:10:00,LINE-4-WELD,42.6784750859971,53.05955832449491,1.17924556894866,12.604784873761558,0,2.0132390092037737
2024-03-01 08:15:00,LINE-1-PRESS,58.052042670269444,61.95273126844674,1.5177805672430866,12.979135202002661,0,2.844016451302331
2024-03-01 08:15:00,LINE-2-ROBOT,66.1903992786354,55.84249397382811,1.6110168499192117,11.906556762669643,0,3.5338489304614145
2024-03-01 08:15:00,LINE-3-CONVEYOR,56.082625736037855,61.400646344858046,1.5902105364087253,12.258426712519443,0,2.7338477049849024
2024-03-01 08:15:00,LINE-4-WELD,68.01972892502012,58.613013483050075,1.5805895719828706,12.608175161489688,0,3.463254267237715
2024-03-01 08:20:00,LINE-1-PRESS,78.21093533858468,63.71629187434846,1.5085126992907836,12.5514422536132,0,3.8894060634418754
2024-03-01 08:20:00,LINE-2-ROBOT,50.382862383546104,54.27242535261392,1.5216023609068634,12.792097472088013,0,2.5548328307333916
2024-03-01 08:20:00,LINE-3-CONVEYOR,58.302827199563175,50.0338427499327,1.2203149598568306,13.022703807662234,0,2.851736482056648
2024-03-01 08:20:00,LINE-4-WELD,39.509260324118046,52.21575354088432,1.4745568418280255,12.25740565941643,0,2.0618332291530868
2024-03-01 08:25:00,LINE-1-PRESS,44.32396610381147,49.35788158727335,1.240313606180695,12.566993650928984,0,2.3154801643610665
2024-03-01 08:25:00,LINE-2-ROBOT,66.40740826480902,55.04406195753429,1.6064940508115515,12.10720375935851,0,3.431187416738109
2024-03-01 08:25:00,LINE-3-CONVEYOR,54.08500190845803,50.24608027298913,1.55220230259962,12.22737426566622,0,2.7316761053030807
2024-03-01 08:25:00,LINE-4-WELD,42.72258755866952,47.62785935998966,1.443025233392506,13.250287322177478,0,2.4319645818644315
2024-03-01 08:30:00,LINE-1-PRESS,64.21828713083656,48.62118022624767,1.5844277178036483,12.087584711621204,0,3.182028810094884
2024-03-01 08:30:00,LINE-2-ROBOT,67.79226594209126,52.84085340154499,1.1985530879937105,12.499735243247068,0,3.3430312741877644
2024-03-01 08:30:00,LINE-3-CONVEYOR,72.00847135475351,61.440586089155175,1.4657316934030005,12.083370487558913,0,3.6060390112871796
2024-03-01 08:30:00,LINE-4-WELD,40.24629975647599,55.590194168285365,1.4040818029902986,12.27389730347117,0,2.1501478009625212
2024-03-01 08:35:00,LINE-1-PRESS,67.55465423349403,60.337416081323056,1.3780359123522756,12.438426797453188,0,3.3620796900917487
2024-03-01 08:35:00,LINE-2-ROBOT,50.29500335384451,51.23950823834016,1.6984916552012983,13.046030208390047,0,2.6444076739283346
2024-03-01 08:35:00,LINE-3-CONVEYOR,48.530473006382444,55.72753276315808,1.607252522684238,12.201793295794534,0,2.3050569298381998
2024-03-01 08:35:00,LINE-4-WELD,58.16328529063993,61.15964162103936,1.6899115598089662,12.187327103614239,0,2.9558022493135585
2024-03-01 08:40:00,LINE-1-PRESS,64.56508808515785,56.75812999511675,1.4857114512011331,12.22561285472023,0,3.142629331632747
2024-03-01 08:40:00,LINE-2-ROBOT,57.22360807136894,55.12220320833758,1.4669589758536952,12.071291276824223,0,2.7753391274912835
2024-03-01 08:40:00,LINE-3-CONVEYOR,55.11992063240398,55.495048113511714,1.7680113229492596,11.581959232233501,0,2.58626628330023
2024-03-01 08:40:00,LINE-4-WELD,46.05533032805754,50.38499479773788,1.5778047044812886,12.38938717467446,0,2.3921159045542337
2024-03-01 08:45:00,LINE-1-PRESS,43.63568765443355,56.8856172063511,1.0288071957057643,12.31973495128538,0,2.4856359660317
2024-03-01 08:45:00,LINE-2-ROBOT,50.73778453860965,54.936515986902386,1.1567404186917776,12.141918068413677,0,2.358301979311719
2024-03-01 08:45:00,LINE-3-CONVEYOR,71.2255370574419,65.96001972148215,1.821082008597262,12.566751611103367,0,3.516803654134474
2024-03-01 08:45:00,LINE-4-WELD,55.71302615311942,55.6973616792502,1.5757619210715892,13.110191345013469,0,2.8282476360940176
2024-03-01 08:50:00,LINE-1-PRESS,70.08122149641869,54.07070315587904,1.7397303179703778,12.318581399683255,0,3.5101137688836785
2024-03-01 08:50:00,LINE-2-ROBOT,69.78207300923535,50.878626298245734,1.8856665888934212,12.625806126550179,1,3.411588197184515
2024-03-01 08:50:00,LINE-3-CONVEYOR,72.39038378397743,58.81641273237806,1.549460577819291,12.407961059626341,0,3.5633411429112476
2024-03-01 08:50:00,LINE-4-WELD,49.20638968465421,58.97858112692927,1.1144113844082872,12.954133844994983,0,2.6789892358265863
2024-03-01 08:55:00,LINE-1-PRESS,56.87290628672168,49.07106393191167,1.2455194284163915,12.653526453522826,0,3.055006955024743
2024-03-01 08:55:00,LINE-2-ROBOT,46.5752170547873,57.49741263644499,1.536793853326766,12.618004064210087,0,2.283671434492876
2024-03-01 08:55:00,LINE-3-CONVEYOR,52.400559590491646,48.565782022763685,1.2816941086868838,12.872300688106437,1,2.5461069323034864
2024-03-01 08:55:00,LINE-4-WELD,65.27842607305587,59.53359714770092,1.6444142385081997,12.924354836970148,0,3.39908804267842
2024-03-01 09:00:00,LINE-1-PRESS,77.44724047610501,52.36050836337076,1.61998008679658,13.09226962275719,0,3.8830889659527057
2024-03-01 09:00:00,LINE-2-ROBOT,57.39865256521413,58.573139447947774,1.4452615516449272,11.615101744939437,0,3.1155842758105106
2024-03-01 09:00:00,LINE-3-CONVEYOR,50.67412094962548,55.449802057741046,1.6353812529795637,11.68891518189476,0,2.595123865512546
2024-03-01 09:00:00,LINE-4-WELD,74.67683242202993,54.88650235031387,1.361622641797287,12.40882457123768,0,3.599545711573922
2024-03-01 09:05:00,LINE-1-PRESS,66.61718451756586,49.347167716218266,1.4311065645850367,13.224310942281962,0,3.343686869948335
2024-03-01 09:05:00,LINE-2-ROBOT,50.55509052332127,55.46682930654896,1.5360100942804749,12.58506080857898,0,2.4686727768355197
2024-03-01 09:05:00,LINE-3-CONVEYOR,48.62948126070105,50.66202898781446,1.6709226390128857,11.886840580351365,0,2.501859149944816
2024-03-01 09:05:00,LINE-4-WELD,64.50616605320889,56.21031540689869,1.3865966089836879,13.261547458117525,0,3.3367177949894273
2024-03-01 09:10:00,LINE-1-PRESS,81.82683464170609,48.344514904804086,1.3496749246707198,12.578953955759937,0,3.9630795120283877
2024-03-01 09:10:00,LINE-2-ROBOT,60.80389846035381,54.09626595942554,1.3133625868753105,12.011521083432106,0,3.1746281874895383
2024-03-01 09:10:00,LINE-3-CONVEYOR,42.543093418803686,53.18602208110834,1.5591782562378491,13.842188303398167,0,2.2597288828635307
2024-03-01 09:10:00,LINE-4-WELD,52.186506766162914,58.668448657015176,1.4067798006618388,13.10666699147131,0,2.826330565298776
2024-03-01 09:15:00,LINE-1-PRESS,52.50685955217395,50.22557694346256,1.6684101337789694,12.245932444050286,0,2.6302586419498635
2024-03-01 09:15:00,LINE-2-ROBOT,54.1591350204827,48.989446205817494,1.686288181863674,11.870483729673388,0,2.6596256114549113
2024-03-01 09:15:00,LINE-3-CONVEYOR,61.96159623909117,57.47636999792748,1.3820960199468912,12.580566675892438,0,3.1918104287581532
2024-03-01 09:15:00,LINE-4-WELD,59.74347583925172,59.49546753311275,1.718101552164486,12.790163722972508,0,2.978280716132398
2024-03-01 09:20:00,LINE-1-PRESS,61.79422036398691,53.66460554950837,1.8430842195598467,12.764160161639438,0,3.2815002237795374
2024-03-01 09:20:00,LINE-2-ROBOT,54.15339765297098,53.89691831652806,1.4637749101495623,12.8585002173578,0,2.6179888580273087
2024-03-01 09:20:00,LINE-3-CONVEYOR,76.20526254752286,53.63908002665522,1.3934827630311317,12.379449047014926,0,3.7003537687822945
2024-03-01 09:20:00,LINE-4-WELD,77.76391147992987,56.65910773388351,1.5185945085644956,13.038720181126463,0,3.66601914897838
2024-03-01 09:25:00,LINE-1-PRESS,47.78006409434555,54.83900934298696,1.673072591865379,12.488313429002053,1,2.307575594486502
2024-03-01 09:25:00,LINE-2-ROBOT,73.81936535001296,53.317770488331774,1.3525981072230617,12.158936865077713,0,3.9001920806686323
2024-03-01 09:25:00,LINE-3-CONVEYOR,71.79496027017878,53.112949842766305,1.4736979306471274,12.552332682775289,0,3.408167127922898
2024-03-01 09:25:00,LINE-4-WELD,73.98127830010596,60.45146377550054,1.2609685638442547,12.35220400839117,0,3.5723851694520308
2024-03-01 09:30:00,LINE-1-PRESS,49.797894523591395,56.208556111916025,1.5513724085814247,11.899234853851535,0,2.538698148900562
2024-03-01 09:30:00,LINE-2-ROBOT,53.68460469029112,57.75420100224055,1.460674460325488,13.07420387374367,0,2.7526267917315845
2024-03-01 09:30:00,LINE-3-CONVEYOR,59.826977131010054,51.923584436178295,1.6536598977316865,13.17019366651336,0,2.6542177631611477
2024-03-01 09:30:00,LINE-4-WELD,65.04751301114901,54.1833685909229,1.4643334046301686,12.091995903269957,0,3.473952314268125
2024-03-01 09:35:00,LINE-1-PRESS,45.37436614692099,57.778691507997024,1.609268295043349,12.589153801579275,0,2.4577032103939076
2024-03-01 09:35:00,LINE-2-ROBOT,53.03903532293809,55.49701263990883,1.341124772029231,12.455110375164397,0,2.6245775429618186
2024-03-01 09:35:00,LINE-3-CONVEYOR,71.4437093994498,55.96554900727413,1.617592189282622,12.109206058887402,0,3.642746304060354
2024-03-01 09:35:00,LINE-4-WELD,44.188550238770695,57.76212290873457,1.6715322990332138,12.134986556103469,0,2.2332787210249028
2024-03-01 09:40:00,LINE-1-PRESS,76.04965915684613,56.92851242984282,1.321342123078349,12.388356462795862,0,3.4764137917820346
2024-03-01 09:40:00,LINE-2-ROBOT,54.6122613331399,58.7392259745218,1.3728410910771145,12.337333032465729,0,2.893239538233198
2024-03-01 09:40:00,LINE-3-CONVEYOR,74.11976865083967,54.746620212168715,1.4422990612985478,12.789669135210444,0,3.68254112478785
2024-03-01 09:40:00,LINE-4-WELD,53.32252690145155,50.25506080903337,1.7995132272174272,12.581625813269103,0,2.8440024296444038
2024-03-01 09:45:00,LINE-1-PRESS,73.31838010022953,66.17366618642997,1.2976542541497398,12.416819012574063,0,3.447508371821099
2024-03-01 09:45:00,LINE-2-ROBOT,74.727645639559,57.321247868357915,1.384466123050974,13.01277917785885,0,3.6657310073513556
2024-03-01 09:45:00,LINE-3-CONVEYOR,59.830851466155885,53.12741513515263,1.5055457358776183,13.148129206468404,0,2.8036047415371033
2024-03-01 09:45:00,LINE-4-WELD,58.37383929513941,50.90358946949842,1.4794986578174631,11.998782264339793,0,2.7683511084317964
2024-03-01 09:50:00,LINE-1-PRESS,53.15427272147821,53.34963218486091,1.425870015903254,13.011793323312503,0,2.7695120309790413
2024-03-01 09:50:00,LINE-2-ROBOT,53.50407672336985,63.122193416457,1.6535683127103413,13.795342918030746,0,2.774421310706237
2024-03-01 09:50:00,LINE-3-CONVEYOR,57.305314701511335,66.56033275601482,1.3280688374391958,12.05077057021128,0,2.918135309802996
2024-03-01 09:50:00,LINE-4-WELD,37.06682931832836,49.35703227645358,1.637761576909894,12.532730687779152,0,2.173875608784222
2024-03-01 09:55:00,LINE-1-PRESS,45.082663853360586,52.08976658943962,1.2027350048399756,11.75480681190797,2,2.2957682027219026
2024-03-01 09:55:00,LINE-2-ROBOT,74.04162210623579,53.17472828567263,1.756755779613094,13.200932813816612,0,3.4348455739624604
2024-03-01 09:55:00,LINE-3-CONVEYOR,72.87087770621409,55.53914573720427,1.1362217209218293,12.209560342454989,0,3.6574448986274444
2024-03-01 09:55:00,LINE-4-WELD,59.27127887038815,51.94974315401192,1.2720445486395784,12.860411548342615,0,3.1080766385364504
2024-03-01 10:00:00,LINE-1-PRESS,72.03982208428194,54.971399099140214,1.56628642080731,12.728719508061536,0,3.660321509708532
2024-03-01 10:00:00,LINE-2-ROBOT,78.16550085756076,53.98064679181904,1.7941848905010616,12.247366308144217,0,3.7219430777972784
2024-03-01 10:00:00,LINE-3-CONVEYOR,67.03384297919045,60.56500103023255,1.5149979263825655,13.741711950040608,0,3.218150414172444
2024-03-01 10:00:00,LINE-4-WELD,72.036091890847,54.616735400765975,1.3914952240151326,12.273648760350405,0,3.390126451290601
2024-03-01 10:05:00,LINE-1-PRESS,56.5676354203253,56.697191926587415,1.2082538749394425,11.72710020200032,0,2.7926944332342214
2024-03-01 10:05:00,LINE-2-ROBOT,51.621644147267816,55.0475486688156,1.2375835809668219,12.20561323981215,0,2.699088135749905
2024-03-01 10:05:00,LINE-3-CONVEYOR,72.48458878618352,58.74561585968291,1.515917248966546,12.700923723532405,0,3.6765347553866032
2024-03-01 10:05:00,LINE-4-WELD,75.60448992305837,49.33175074239688,1.4770502516619541,12.908129807293596,0,3.8683301491632256
2024-03-01 10:10:00,LINE-1-PRESS,66.45321009050397,53.647094499318904,1.6103882035514747,11.564771425468855,0,3.5832158339638345
2024-03-01 10:10:00,LINE-2-ROBOT,70.96136426747854,54.73483777794017,1.5006315445477012,12.216359913044494,0,3.62806837819783
2024-03-01 10:10:00,LINE-3-CONVEYOR,46.57517214355426,46.917339129479245,1.4647424080691007,12.580881198117956,0,2.3090306707283244
2024-03-01 10:10:00,LINE-4-WELD,71.71247817308802,60.172146931135195,1.6015266849013383,12.701814586398951,0,3.6440464844563984
2024-03-01 10:15:00,LINE-1-PRESS,44.204726372688484,54.75122926202584,1.2895615597347305,11.43597376535098,0,2.346134502456632
2024-03-01 10:15:00,LINE-2-ROBOT,52.24822159231415,57.0157730057779,1.1998789766357532,12.502334447788025,0,2.358044769522871
2024-03-01 10:15:00,LINE-3-CONVEYOR,74.9115603889149,50.21417327375424,1.75563098547254,13.315860218054379,0,3.9118166656210347
2024-03-01 10:15:00,LINE-4-WELD,40.851694793937575,55.25911663800183,1.3274398785647201,12.182042889304347,0,2.2177053079463835
2024-03-01 10:20:00,LINE-1-PRESS,73.73518598927717,53.658907064786064,1.5003492626900659,12.224889124281605,0,3.6778050763884527
2024-03-01 10:20:00,LINE-2-ROBOT,56.24342380731003,54.07272757463848,1.4117104245967578,12.881098301468404,0,2.8720949969376415
2024-03-01 10:20:00,LINE-3-CONVEYOR,57.42439425617122,58.62538891574438,1.3171282887641516,11.983865357673086,0,2.7937011702416044
2024-03-01 10:20:00,LINE-4-WELD,68.53081157744799,43.16039390569401,1.7334274735223125,12.414514355483533,0,3.3222139684029024
2024-03-01 10:25:00,LINE-1-PRESS,66.35395079032568,60.28620686256291,1.4070911275997549,11.334093906481796,0,3.4932688186500673
2024-03-01 10:25:00,LINE-2-ROBOT,62.874865892655485,51.8471380421339,1.2607744535686487,11.4979280582432,0,3.349811320592154
2024-03-01 10:25:00,LINE-3-CONVEYOR,79.45507823191215,47.23221369110088,1.4463097271541756,12.456389657251403,0,3.828259340152136
2024-03-01 10:25:00,LINE-4-WELD,53.378895330407545,56.64995082737544,1.594626330598551,12.276347596499265,0,2.4793021214049955
2024-03-01 10:30:00,LINE-1-PRESS,44.2111625751411,49.515826569547,1.464223718046655,12.426256805003897,0,2.317179930467562
2024-03-01 10:30:00,LINE-2-ROBOT,72.1851265839166,47.29311198768117,1.3488577081637265,12.927736296227573,0,3.5716900058769054
2024-03-01 10:30:00,LINE-3-CONVEYOR,78.76572276236375,49.11366719792861,1.0369440646220522,11.729583865812378,1,3.9467191304446674
2024-03-01 10:30:00,LINE-4-WELD,75.43534812938404,56.000778775442626,1.8093294366634554,12.407618139994826,0,3.9066354247461583
2024-03-01 10:35:00,LINE-1-PRESS,49.65307768967411,53.136071443934064,1.5653819251230645,13.257411640780495,0,2.478988899392971
2024-03-01 10:35:00,LINE-2-ROBOT,51.48362630764872,51.951400383266815,1.459445285847067,12.773138618281989,0,2.4140294330044965
2024-03-01 10:35:00,LINE-3-CONVEYOR,69.43089643784589,59.426887764495625,1.6354992691849326,12.567084891740606,0,3.5381644541347312
2024-03-01 10:35:00,LINE-4-WELD,41.79430067657329,48.35242168424257,1.250236254863637,12.286040851045284,0,2.0300237346122403
2024-03-01 10:40:00,LINE-1-PRESS,60.598467170197296,50.89909180320579,1.3471686993387537,13.643987187367348,0,2.996513927044631
2024-03-01 10:40:00,LINE-2-ROBOT,45.095095994088524,52.95424175140773,1.6707425494255534,12.292213056110958,0,2.1013290505128035
2024-03-01 10:40:00,LINE-3-CONVEYOR,78.5135811981914,46.37628753533388,1.4488099990792085,13.630586764304061,0,3.5920667679046487
2024-03-01 10:40:00,LINE-4-WELD,60.22165001779398,50.85719982429773,1.7985409214551948,12.378116438302078,0,3.1281974475937324
2024-03-01 10:45:00,LINE-1-PRESS,78.95785035988816,49.5156413566354,1.3827158612081574,12.181009626984372,0,3.9444199128518878
2024-03-01 10:45:00,LINE-2-ROBOT,61.56497926124488,50.65692729573225,1.4587601955684788,12.25816821893105,0,3.017818362404237
2024-03-01 10:45:00,LINE-3-CONVEYOR,74.3847600140676,49.277982319282806,1.4056143128416492,12.641879502176236,0,3.754350532541632
2024-03-01 10:45:00,LINE-4-WELD,78.07773182771709,49.753697077356065,1.7799991571813563,12.58408711239067,0,3.688825085614463
2024-03-01 10:50:00,LINE-1-PRESS,61.36449384311686,47.43038391628866,1.7741883338157491,11.681124983409232,0,2.798719755137987
2024-03-01 10:50:00,LINE-2-ROBOT,61.34149394879884,57.63353347244447,1.7090969851024744,12.682025118748887,0,2.9882954177779366
2024-03-01 10:50:00,LINE-3-CONVEYOR,47.48869065638105,52.1531719815346,1.5350036810699208,11.43240220095662,0,2.546697034767371
2024-03-01 10:50:00,LINE-4-WELD,76.48830343838557,55.92826767722635,1.1363841232797056,12.84350547905619,0,3.597731779086553
2024-03-01 10:55:00,LINE-1-PRESS,74.13641191744951,57.769462793794816,1.7038078650560564,11.451810281544772,0,3.912828200654343
2024-03-01 10:55:00,LINE-2-ROBOT,53.29574030497703,41.51054061029687,1.6601439660682213,12.573987995612061,0,2.610583480923481
2024-03-01 10:55:00,LINE-3-CONVEYOR,48.613649093814054,54.91472088054758,1.623050904066591,12.848249962147731,0,2.611421763143601
2024-03-01 10:55:00,LINE-4-WELD,57.05218312881914,57.38526834709103,1.5993863031359727,11.867774325858536,0,3.0834228901961898
2024-03-01 11:00:00,LINE-1-PRESS,62.93247693599306,53.56001554500437,1.7154306820864498,11.949115108968073,0,2.987284573035458
2024-03-01 11:00:00,LINE-2-ROBOT,49.2685314296865,62.90373354410154,1.5037672757093399,12.902374665085283,0,2.5131128759183903
2024-03-01 11:00:00,LINE-3-CONVEYOR,66.13722483101975,61.241942879990354,1.6145082122236805,12.390419880111125,0,3.295830989951805
2024-03-01 11:00:00,LINE-4-WELD,74.12061105969529,55.72466126038353,1.814547189958848,13.00497777840818,0,3.7298716081487413
2024-03-01 11:05:00,LINE-1-PRESS,61.974966845881305,49.95057281963903,1.5721897428697358,12.344338174258347,0,2.786978754221874
2024-03-01 11:05:00,LINE-2-ROBOT,50.16751872752597,61.638601965904655,1.3952397797704776,12.553479021933603,0,2.6079074726198144
2024-03-01 11:05:00,LINE-3-CONVEYOR,68.92709539703677,60.85651816058207,1.4903975296496543,12.153492837767574,0,3.603693347289014
2024-03-01 11:05:00,LINE-4-WELD,45.874090095343114,50.19360788847669,1.3181869378324427,12.307583341247842,0,2.2029756635119475
2024-03-01 11:10:00,LINE-1-PRESS,47.78138684605057,65.02731252694662,1.3288232159327331,12.849242578529877,0,2.2188969059857904
2024-03-01 11:10:00,LINE-2-ROBOT,81.12010771103593,60.21358056966343,1.4176256782612608,12.451269577015864,0,3.7890069111732787
2024-03-01 11:10:00,LINE-3-CONVEYOR,81.34348383572475,53.274864379595314,1.373926470650569,11.580932765772362,0,3.9297948907974365
2024-03-01 11:10:00,LINE-4-WELD,51.77756525755139,56.92732672369381,1.6161702852535025,12.774946263281013,0,2.5638446779053585
2024-03-01 11:15:00,LINE-1-PRESS,84.40046744113197,47.98717588090888,1.2362251521946432,12.134916857067173,0,3.975127555318354
2024-03-01 11:15:00,LINE-2-ROBOT,70.2479681296147,52.68545135385703,1.743940091411187,12.954435441642232,0,3.4647502198035243
2024-03-01 11:15:00,LINE-3-CONVEYOR,68.28717611703587,49.74809229300619,1.3218251719627208,13.151913386928172,0,3.338715328934823
2024-03-01 11:15:00,LINE-4-WELD,49.390336724351954,55.799383606511654,1.2709022173236433,11.802870426888711,0,2.557210665688175
2024-03-01 11:20:00,LINE-1-PRESS,61.53959318266811,51.90540426237482,2.0077011129968536,13.08728356037357,0,3.0259024453473122
2024-03-01 11:20:00,LINE-2-ROBOT,68.08011411030715,58.933026768874065,1.2136584634245744,11.922366278405137,0,3.2419147678944022
2024-03-01 11:20:00,LINE-3-CONVEYOR,79.0224885436844,59.83379416058242,1.6657590760321361,11.455158294539032,0,3.930870923031241
2024-03-01 11:20:00,LINE-4-WELD,48.90771634188417,54.17882108806561,1.1090062911484393,12.931781882036582,0,2.222473051571211
2024-03-01 11:25:00,LINE-1-PRESS,48.191258150339095,58.741836917937334,1.5464287577287172,12.885690263275233,0,2.110531297198901
2024-03-01 11:25:00,LINE-2-ROBOT,79.50604031876814,54.917633159762474,1.4846429249049533,12.58803233185792,0,3.8892359471691145
2024-03-01 11:25:00,LINE-3-CONVEYOR,41.336877107583554,53.33496804654121,1.8860189066986837,12.610059173088684,0,2.2589814599071083
2024-03-01 11:25:00,LINE-4-WELD,45.92795510598638,51.709066352062294,1.2894057501769058,12.53638393196068,0,2.214201240145568
2024-03-01 11:30:00,LINE-1-PRESS,83.34167538811268,44.77062884870888,1.1383616843346893,12.815965205194795,0,3.898106244075639
2024-03-01 11:30:00,LINE-2-ROBOT,72.43019608332094,47.57339475996772,1.5002592413062215,13.099372968077233,0,3.5482910068247935
2024-03-01 11:30:00,LINE-3-CONVEYOR,51.18902176330352,51.3203417530476,1.622295382551947,11.780449594429017,0,2.4117727756822513
2024-03-01 11:30:00,LINE-4-WELD,47.64539492503947,53.76776130040949,1.1591113767214676,12.580739715156191,0,2.333802392541365
2024-03-01 11:35:00,LINE-1-PRESS,58.02949393114331,55.48245741278916,1.0644624763809323,12.07888329359864,0,2.8042760682614354
2024-03-01 11:35:00,LINE-2-ROBOT,50.107553399412616,45.41721060649115,1.7128740324838845,12.170649916912131,0,2.3243223382739533
2024-03-01 11:35:00,LINE-3-CONVEYOR,46.07483672855339,51.400699850053,1.6095888066782595,12.201038963861905,0,2.2653400628571925
2024-03-01 11:35:00,LINE-4-WELD,78.73802762213103,57.5845839538204,1.433120119230549,12.518362514132242,0,3.9150528364191395
2024-03-01 11:40:00,LINE-1-PRESS,55.03206102032761,50.034806484276395,1.1774474392730805,11.614208820525715,0,3.0584651468930444
2024-03-01 11:40:00,LINE-2-ROBOT,39.9617472836805,48.42049108187995,1.5752910318420374,12.47395636734675,0,2.0561492727467616
2024-03-01 11:40:00,LINE-3-CONVEYOR,54.86663826411947,51.21677550466892,1.344702589599177,11.972687894333124,0,3.0697753681487137
2024-03-01 11:40:00,LINE-4-WELD,62.11897024417131,48.43982061384506,1.6749486086702847,12.90286706973296,0,3.0978225629884357
2024-03-01 11:45:00,LINE-1-PRESS,80.7527481266186,58.16364051472279,1.5909641951274018,12.209150969615202,0,3.7893194359363362
2024-03-01 11:45:00,LINE-2-ROBOT,59.05314832845187,56.05313863625804,1.6151057703826617,13.247982979910866,0,2.9127908600577617
2024-03-01 11:45:00,LINE-3-CONVEYOR,60.18649571076499,59.575353770840444,1.5865061099537838,12.628021879699128,0,2.716217093629912
2024-03-01 11:45:00,LINE-4-WELD,60.83049525897492,54.37071528649713,1.4623364512826986,12.226612083123042,0,2.8701148931655127
2024-03-01 11:50:00,LINE-1-PRESS,77.99197975833489,60.450670022378624,1.5473929328136233,12.482133465859654,0,3.66739830047487
2024-03-01 11:50:00,LINE-2-ROBOT,49.96790911314276,47.6948284140504,1.4118066216513396,12.378723917990849,0,2.5501978032350756
2024-03-01 11:50:00,LINE-3-CONVEYOR,51.6594474817212,51.17458651820095,1.3810862112700455,12.401774858592402,0,2.6398650216511608
2024-03-01 11:50:00,LINE-4-WELD,68.24549854822794,59.72206153238519,1.7448221783839122,12.663469206298139,0,3.22531247971341
2024-03-01 11:55:00,LINE-1-PRESS,61.706241502991475,55.936577615655835,1.0948346481677234,12.763591270315963,0,3.019109209170268
2024-03-01 11:55:00,LINE-2-ROBOT,42.76729228768077,60.11494095538667,1.5327285694756174,12.43094465661843,0,2.1762489114755263
2024-03-01 11:55:00,LINE-3-CONVEYOR,53.37879147675407,58.63365538662253,1.4059928836547357,12.24153168392141,0,2.82952465390652
2024-03-01 11:55:00,LINE-4-WELD,65.29879699730928,44.43221146898145,1.8117055499070296,12.417888098032483,0,3.195799115865684
2024-03-01 12:00:00,LINE-1-PRESS,48.42859893769219,43.17559095284439,1.8415926386821477,12.767484152970209,0,2.496440648087286
2024-03-01 12:00:00,LINE-2-ROBOT,52.407453577722606,68.1319504267119,1.7005021444089496,12.8809686182409,0,2.624726339376348
2024-03-01 12:00:00,LINE-3-CONVEYOR,41.44721837984091,60.09049323739682,1.5676143453454545,11.68201632314782,0,2.2557035857348797
2024-03-01 12:00:00,LINE-4-WELD,76.93453360203348,52.95391146437875,1.451622893672178,12.267898410840852,0,3.8108303152196847
2024-03-01 12:05:00,LINE-1-PRESS,53.91692089796641,52.835716942818436,1.679483438986264,11.515005728051193,0,2.378934967539851
2024-03-01 12:05:00,LINE-2-ROBOT,47.25988787101308,54.613703173338244,1.713026274527089,12.65074296516702,0,2.3104443528900402
2024-03-01 12:05:00,LINE-3-CONVEYOR,54.30075351864171,52.427757475171475,1.2132125251930093,12.26648705246012,0,2.6780241501922655
2024-03-01 12:05:00,LINE-4-WELD,75.75618316132196,50.427553649322846,1.7738788993756027,11.946416201126727,0,3.834985271579268
2024-03-01 12:10:00,LINE-1-PRESS,42.3312635268509,60.67455216188597,1.33677990504689,12.518043640947225,0,2.1891754210840273
2024-03-01 12:10:00,LINE-2-ROBOT,79.03866451223534,55.5679249120904,1.5879943124302358,13.117478779852059,0,3.976492418073796
2024-03-01 12:10:00,LINE-3-CONVEYOR,63.79147139078803,59.872683047300384,1.4625918453435638,12.967857322856997,0,3.138435857883987
2024-03-01 12:10:00,LINE-4-WELD,75.39809208108183,42.70073210002898,1.4211496789633213,11.949470534376893,0,3.759741378967726
2024-03-01 12:15:00,LINE-1-PRESS,39.53115807720844,61.02371541699723,1.5904824236095976,12.597853063761358,0,2.062866178873525
2024-03-01 12:15:00,LINE-2-ROBOT,60.07515651320993,53.841295566771855,1.5572018466305555,12.131222427389595,0,3.2584743909178737
2024-03-01 12:15:00,LINE-3-CONVEYOR,57.97427427731847,64.64271326983415,1.7096913111128809,11.979206515143293,0,2.953819443559551
2024-03-01 12:15:00,LINE-4-WELD,51.28782266805516,52.55252794371489,1.341192962664986,12.410080356549296,0,2.560228621034597
2024-03-01 12:20:00,LINE-1-PRESS,80.49371504745731,54.084064507172165,1.6848462971901177,12.007889061565578,0,3.796874966133208
2024-03-01 12:20:00,LINE-2-ROBOT,79.47950035917347,48.68302468366508,1.7230059248761413,13.427127703339812,0,4.017156974317405
2024-03-01 12:20:00,LINE-3-CONVEYOR,49.84446778370859,45.376118230345526,1.2901795621437755,13.191385455708884,0,2.530170175561741
2024-03-01 12:20:00,LINE-4-WELD,47.966316800980515,62.678262904318856,2.6295025263419767,12.550104018658036,0,2.1023739285690812
2024-03-01 12:25:00,LINE-1-PRESS,66.41670078441645,57.293376277119556,1.5074216272056133,12.624471507130329,0,3.5942271387210067
2024-03-01 12:25:00,LINE-2-ROBOT,67.88417694567406,52.75739303571394,1.478125898479782,13.422377213779548,0,3.4025194065639526
2024-03-01 12:25:00,LINE-3-CONVEYOR,56.5047582349008,50.186375213030345,1.2242804686410746,13.16546687916574,0,2.772086347147329
2024-03-01 12:25:00,LINE-4-WELD,71.60866961546903,56.71199798975463,1.7031440373958486,11.83421182147816,0,3.6966191088149594
2024-03-01 12:30:00,LINE-1-PRESS,77.43293489254886,52.531935079444615,1.6239316454696753,12.840127002151368,0,3.975232380684934
2024-03-01 12:30:00,LINE-2-ROBOT,59.656663402068695,53.807579589407865,1.294814312572118,13.43161341594612,0,2.815041568800327
2024-03-01 12:30:00,LINE-3-CONVEYOR,70.40725757034912,47.498455545739695,1.750381042367192,12.53902910713121,0,3.482591743686936
2024-03-01 12:30:00,LINE-4-WELD,71.95860684814846,63.70071885420718,1.634296657672611,12.595012466340803,0,3.4756242226407417
2024-03-01 12:35:00,LINE-1-PRESS,60.86332260343863,56.90711658521025,1.7744034346066158,12.645067249211515,0,2.8846480780789494
2024-03-01 12:35:00,LINE-2-ROBOT,63.485826682270826,35.56097829190168,1.542423438613994,12.482568372957257,0,2.9992079733905506
2024-03-01 12:35:00,LINE-3-CONVEYOR,76.19503743674467,62.49090315088246,1.608505318102968,12.746852616853431,0,3.870379898739192
2024-03-01 12:35:00,LINE-4-WELD,73.72369164287383,55.87026120021022,1.7195455622093931,12.187195340719153,0,3.4955972283004004
2024-03-01 12:40:00,LINE-1-PRESS,54.04016772163875,64.4109014683651,1.3412409069825757,12.366752643890209,0,2.800329945927329
2024-03-01 12:40:00,LINE-2-ROBOT,53.74935911497301,56.35031905791312,1.3007387217448065,11.670865618478,0,2.8107797470761993
2024-03-01 12:40:00,LINE-3-CONVEYOR,76.25552238980163,62.86358387868495,2.0359656392831154,14.050323598416472,0,3.6861571896262455
2024-03-01 12:40:00,LINE-4-WELD,51.55751953586277,54.62057495497139,1.445951584920325,12.153024618292939,0,2.498237744929806
2024-03-01 12:45:00,LINE-1-PRESS,53.174522473482,53.555156485416475,1.460240720490962,13.058355275322695,0,2.709009953044665
2024-03-01 12:45:00,LINE-2-ROBOT,57.37213392932161,50.67520252958293,1.8849873619540451,12.186072893579642,0,2.760320783686347
2024-03-01 12:45:00,LINE-3-CONVEYOR,65.49434968086864,59.8803634098607,1.486302493074641,12.09494220172908,0,3.4399803802913036
2024-03-01 12:45:00,LINE-4-WELD,56.93603568358475,53.070937194535816,1.1748614786974394,12.356745472310905,0,2.561010652606305
2024-03-01 12:50:00,LINE-1-PRESS,36.97238979009549,48.44935172638219,1.6868100588224337,12.902503741828138,0,2.150861769079547
2024-03-01 12:50:00,LINE-2-ROBOT,54.09681834788732,57.28834488975176,1.445082081386647,12.698838982522858,0,2.884217771154291
2024-03-01 12:50:00,LINE-3-CONVEYOR,54.39836620782813,60.13300664751136,1.6202431701983,12.445040341295119,0,2.629047955871699
2024-03-01 12:50:00,LINE-4-WELD,81.0862565525245,46.82926876246114,1.4231554299906042,12.275937125147644,0,3.9170946405773766
2024-03-01 12:55:00,LINE-1-PRESS,53.01289877170396,51.91353024293901,1.5409565220598997,12.81540046671224,0,2.670129014407785
2024-03-01 12:55:00,LINE-2-ROBOT,77.24681155376466,47.851481062313944,1.7189168631634772,12.677157409696642,0,3.925140550936233
2024-03-01 12:55:00,LINE-3-CONVEYOR,47.83492911874628,59.94180837626761,1.3628986415435942,13.135650558108843,0,2.4357848915754823
2024-03-01 12:55:00,LINE-4-WELD,37.91299244217831,56.51896933824482,1.7495483743722775,12.861832107370958,0,1.99274629891969
2024-03-01 13:00:00,LINE-1-PRESS,56.31847477948699,52.50960086250842,1.7915034662888274,13.452661598727417,0,2.831907249960697
2024-03-01 13:00:00,LINE-2-ROBOT,78.16644365524901,67.95531083956185,1.3787856820211757,12.028587140858747,0,3.9161201327959545
2024-03-01 13:00:00,LINE-3-CONVEYOR,40.4909575950189,61.924452503013015,1.7820835937232675,12.469925324609221,0,2.160133889099042
2024-03-01 13:00:00,LINE-4-WELD,71.61813295766567,49.07848327850828,1.652249749269372,12.99508060005266,0,3.5999640689745744
2024-03-01 13:05:00,LINE-1-PRESS,59.800496498344785,61.942731508285526,1.474880068938622,12.693939728446619,0,2.833195716007119
2024-03-01 13:05:00,LINE-2-ROBOT,49.67694610770503,54.45949955740055,1.2128658743409524,12.574679113849339,0,2.702388855686053
2024-03-01 13:05:00,LINE-3-CONVEYOR,45.15844098390128,51.516847393168824,1.5018605846640947,12.37993737310925,0,2.180170097348489
2024-03-01 13:05:00,LINE-4-WELD,53.09237129832911,57.55512790203933,1.6348676147692944,12.71214746228118,0,2.5132548464547044
2024-03-01 13:10:00,LINE-1-PRESS,76.09547308872196,42.19546591034097,1.8204419522731947,12.684300106479496,0,3.9177190502931882
2024-03-01 13:10:00,LINE-2-ROBOT,75.37683489488845,61.38746131573742,1.1456020947502863,12.293029732611652,1,3.6981608853791874
2024-03-01 13:10:00,LINE-3-CONVEYOR,60.986018470568304,53.785377091933924,1.2927995970172796,12.273924442132422,0,3.263182829869577
2024-03-01 13:10:00,LINE-4-WELD,54.07082592334202,57.393196583299044,1.54807526711069,12.637869906453366,0,2.8570258463859575
2024-03-01 13:15:00,LINE-1-PRESS,78.66115790597475,66.14229750352939,1.4986855504057277,12.627930682845035,0,3.7878209036652657
2024-03-01 13:15:00,LINE-2-ROBOT,69.7872745447774,59.51033409521239,1.3059886723051248,12.67580222271148,0,3.5716426213674866
2024-03-01 13:15:00,LINE-3-CONVEYOR,62.55723226380732,52.639565317932345,1.5726617759337311,12.741877188882524,0,3.1424303239152453
2024-03-01 13:15:00,LINE-4-WELD,51.67576031000246,67.3970172607741,1.274502919365998,12.592614665468208,0,2.6779459175037204
2024-03-01 13:20:00,LINE-1-PRESS,56.52406123010122,57.71046472172776,1.2101310856307954,12.768417373466963,0,2.9681470449527994
2024-03-01 13:20:00,LINE-2-ROBOT,51.88187972224215,57.42226715227473,1.3928495630832258,12.67339256829359,0,2.8006229918460686
2024-03-01 13:20:00,LINE-3-CONVEYOR,49.8800034853351,55.39496483804201,1.2925201789066307,12.506381239326762,0,2.440841475013069
2024-03-01 13:20:00,LINE-4-WELD,71.64694263907693,54.46358455162979,1.5097324556782157,12.522596377261326,0,3.4586697990002815
2024-03-01 13:25:00,LINE-1-PRESS,43.621824883151184,56.544952790874454,1.158768046925166,11.364826528903146,0,2.0088049801851344
2024-03-01 13:25:00,LINE-2-ROBOT,49.39253927911564,50.26162930848325,1.311811921401407,11.793363207717748,0,2.3852552827417295
2024-03-01 13:25:00,LINE-3-CONVEYOR,44.213116186832984,60.1064388196873,1.6069784223605759,12.978323694922606,0,2.2437891775526553
2024-03-01 13:25:00,LINE-4-WELD,69.69940509935131,61.019546310283154,1.789962366074191,11.424218382613216,0,3.547546492721806
2024-03-01 13:30:00,LINE-1-PRESS,41.60787829316614,46.282781698155176,1.388176136278044,11.756296830773383,0,2.3473005881798583
2024-03-01 13:30:00,LINE-2-ROBOT,77.18180822542512,50.10636318626748,1.7848760326442648,12.699094955644489,0,3.812419330510016
2024-03-01 13:30:00,LINE-3-CONVEYOR,56.42141287521257,60.734065158178794,1.5101333080359156,12.701099457998266,0,2.7304304947512468
2024-03-01 13:30:00,LINE-4-WELD,49.2040916888693,48.3930291807471,1.562142640348582,12.39834573574634,0,2.3930468955434727
2024-03-01 13:35:00,LINE-1-PRESS,73.51731450315418,57.935070025771864,1.3813895415513884,12.408513258119772,0,3.624809184137053
2024-03-01 13:35:00,LINE-2-ROBOT,50.99718965702465,50.33637513155485,1.3776790200111169,12.17362634445948,0,2.555415902238988
2024-03-01 13:35:00,LINE-3-CONVEYOR,67.72740689798628,55.6275981027381,1.5320727331379609,11.595155998545495,0,3.3905265946965555
2024-03-01 13:35:00,LINE-4-WELD,66.73178590005767,50.78226966380247,1.4514751654937303,13.478949628977924,0,3.8181826723744
2024-03-01 13:40:00,LINE-1-PRESS,42.74936335279844,53.92504114905331,1.7821551886230367,12.644312880783227,0,2.127350889873795
2024-03-01 13:40:00,LINE-2-ROBOT,63.292746506430056,61.15626439678007,1.7867567909011557,12.73602004154421,0,3.225286290994425
2024-03-01 13:40:00,LINE-3-CONVEYOR,78.67342431186762,52.566864314273744,1.6882861587619733,12.759255826073343,0,3.9072950786080907
2024-03-01 13:40:00,LINE-4-WELD,64.34472806016568,51.62777510306451,1.662698987453919,12.187211817307603,1,3.1591212457524342
2024-03-01 13:45:00,LINE-1-PRESS,82.04437417996425,55.175347567506954,1.6645950452689098,12.529130364133268,0,3.9664240141308253
2024-03-01 13:45:00,LINE-2-ROBOT,38.53714547524755,51.61145121326969,1.3586671441906222,11.763449713682174,0,2.0506060105711263
2024-03-01 13:45:00,LINE-3-CONVEYOR,72.85830427505208,54.07857091373686,1.2836155102704683,11.823002882002793,0,3.6483734802663617
2024-03-01 13:45:00,LINE-4-WELD,60.129061671206586,54.38357840886607,1.8197141235622813,11.700253899704549,0,3.005121503301436
2024-03-01 13:50:00,LINE-1-PRESS,43.052114971085274,67.18197319017395,1.758076612154607,13.042078011705431,0,2.451841165271085
2024-03-01 13:50:00,LINE-2-ROBOT,55.29369206101334,52.88265947890766,1.6074552023912305,12.051411779297126,0,2.6487211953814676
2024-03-01 13:50:00,LINE-3-CONVEYOR,56.560559589027854,62.67491600569729,1.4280746080432776,12.412437430965639,0,2.881083007935906
2024-03-01 13:50:00,LINE-4-WELD,51.84620076907566,46.056723079629414,1.7921627121526413,12.09971853362758,0,2.558498039885402
2024-03-01 13:55:00,LINE-1-PRESS,78.05514844032638,52.65773132123804,1.3351193259227465,12.44389895721664,0,3.6916501893682043
2024-03-01 13:55:00,LINE-2-ROBOT,54.81935905818831,52.219762745829165,1.2082578807384843,12.791716374718938,0,2.5983024030253357
2024-03-01 13:55:00,LINE-3-CONVEYOR,56.612197682943126,43.23623846859212,1.659183970847018,12.568395878041146,0,3.016593693822589
2024-03-01 13:55:00,LINE-4-WELD,63.9320488842893,58.29173642926109,1.254636934383352,12.242152945527717,0,2.9760858457327126
2024-03-01 14:00:00,LINE-1-PRESS,58.73634446284859,54.706988181949576,1.2438906844825257,12.701082767226307,0,3.1180234164273966
2024-03-01 14:00:00,LINE-2-ROBOT,75.31716461974209,46.70582011669069,1.5621559913659826,12.05168370756726,0,3.86103438653165
2024-03-01 14:00:00,LINE-3-CONVEYOR,59.14898771040299,50.07988098648091,1.7961529666646914,13.311856097779144,0,3.219098982737038
2024-03-01 14:00:00,LINE-4-WELD,59.97208724702226,54.0191591654149,1.8236101682105677,12.43682719856772,0,2.9143902803907413
2024-03-01 14:05:00,LINE-1-PRESS,47.55834921336652,58.53592011637013,1.4005286539249129,12.909515045029528,0,2.4196451399107164
2024-03-01 14:05:00,LINE-2-ROBOT,68.95190485621357,54.42253026157332,1.361140967772959,13.196565047924768,0,3.4393907478987056
2024-03-01 14:05:00,LINE-3-CONVEYOR,70.67809615024237,51.92344513184129,1.7230731003784903,12.599884667327897,0,3.8582615663421276
2024-03-01 14:05:00,LINE-4-WELD,47.74407979977931,57.04210843119286,1.8062580355833187,11.945636932853855,0,2.4229175231541324
2024-03-01 14:10:00,LINE-1-PRESS,64.64862550282422,54.619593517750005,1.4000304004944293,11.965539406545354,0,3.32123710449731
2024-03-01 14:10:00,LINE-2-ROBOT,69.86873307350302,65.89944654140983,1.3551840876250358,12.73513398361579,0,3.3704543707082784
2024-03-01 14:10:00,LINE-3-CONVEYOR,68.80323073863157,57.7251714426735,1.2801263193502617,11.738490333765842,0,3.4895817292723894
2024-03-01 14:10:00,LINE-4-WELD,71.05365093838188,65.94593038903044,0.9425864261942934,13.826145843993471,0,3.4792947890561257
2024-03-01 14:15:00,LINE-1-PRESS,67.43226471527711,56.422048424913186,1.4819508829020822,13.07367121137068,0,3.4548078510609948
2024-03-01 14:15:00,LINE-2-ROBOT,59.27571016872574,52.02386164832765,1.6038369162372244,12.797631755720865,0,2.995991659051918
2024-03-01 14:15:00,LINE-3-CONVEYOR,72.91326081749366,55.89330991348394,1.4880354637543372,11.89319181628038,0,3.7868556949974415
2024-03-01 14:15:00,LINE-4-WELD,76.90856088404563,58.45518701389163,1.4878639366581432,13.531770745236695,0,3.790800535631767
2024-03-01 14:20:00,LINE-1-PRESS,44.43165955421058,49.97128382052513,1.5288588293436043,12.211415493088433,0,2.1330699443549244
2024-03-01 14:20:00,LINE-2-ROBOT,75.30319116857356,55.90816230764175,1.307898785090895,12.478607213187365,0,3.62010254308524
2024-03-01 14:20:00,LINE-3-CONVEYOR,60.864077287318146,50.535168089930735,1.6622987483946643,12.435780390549482,0,3.138942710902068
2024-03-01 14:20:00,LINE-4-WELD,70.40337608176323,60.46093164417209,1.5267137829116257,11.67257844249604,0,3.549735926453753
2024-03-01 14:25:00,LINE-1-PRESS,68.09951914531216,57.498322444771155,1.3335902047185424,13.447977649924153,0,3.201138243970144
2024-03-01 14:25:00,LINE-2-ROBOT,38.287386860072885,55.673919889130524,1.484291395165164,13.40516468988237,0,1.9903361095147123
2024-03-01 14:25:00,LINE-3-CONVEYOR,58.43768545619972,51.19552422753605,1.1760993813742906,12.845125067287942,0,2.903742554390861
2024-03-01 14:25:00,LINE-4-WELD,81.52050627383824,55.85744586714764,1.612148480012484,13.21270296115624,0,3.825177030339888
2024-03-01 14:30:00,LINE-1-PRESS,65.32105092444756,57.654966390922844,1.468244701238656,13.068830975801678,0,3.1184512993491778
2024-03-01 14:30:00,LINE-2-ROBOT,39.25903075608945,59.148503078650776,1.6635206812043495,12.772845171560506,0,2.1298487923220306
2024-03-01 14:30:00,LINE-3-CONVEYOR,62.5982685404677,56.59442932122748,1.8183759271643227,12.986106252109995,0,2.861689125754773
2024-03-01 14:30:00,LINE-4-WELD,71.71922566252725,50.38309062919078,1.55358382487003,11.681053266619443,0,3.2435437427380136
2024-03-01 14:35:00,LINE-1-PRESS,44.91753627923582,55.0915333646569,1.487600438126192,12.119094308720173,0,2.2916187451717898
2024-03-01 14:35:00,LINE-2-ROBOT,80.54874952691277,58.850586960065264,1.2611212414914859,12.421361678434693,0,3.8502967228092357
2024-03-01 14:35:00,LINE-3-CONVEYOR,70.90968925811259,54.45678912977425,1.7310159944397108,12.727229311471728,0,3.543963999841307
2024-03-01 14:35:00,LINE-4-WELD,77.57662520732993,61.65521983394167,1.5365478681403275,12.165276611736246,0,3.6553790890000792
2024-03-01 14:40:00,LINE-1-PRESS,73.55537690022439,50.16420741661855,1.3637859310466085,12.756272552050067,0,3.7585886785410465
2024-03-01 14:40:00,LINE-2-ROBOT,57.31843254190583,56.0302975759305,1.890045659969466,12.308758300866089,0,2.748943068842692
2024-03-01 14:40:00,LINE-3-CONVEYOR,62.94862317506744,55.31903546206874,1.8741805590894443,12.34615561728052,0,2.799343698928378
2024-03-01 14:40:00,LINE-4-WELD,53.2764166291296,53.18492497815933,1.7361055830257812,12.814700806031032,0,2.915951451299694
2024-03-01 14:45:00,LINE-1-PRESS,76.54997373720127,56.972854457730804,1.2470615400600042,13.027217903802663,0,3.6252728093811903
2024-03-01 14:45:00,LINE-2-ROBOT,40.59038148153049,52.89789642493706,1.629596612738812,12.639732055835172,0,2.0612363533702656
2024-03-01 14:45:00,LINE-3-CONVEYOR,45.630722527408444,52.18579463606071,1.8589427382829178,13.477449795823814,0,2.3590152058845035
2024-03-01 14:45:00,LINE-4-WELD,68.88106029856647,51.04996351781473,1.1787788620419022,12.692242166665059,0,3.4108614653591416
2024-03-01 14:50:00,LINE-1-PRESS,54.40147055184172,54.69654899534209,1.3675059802775795,12.62276919238661,0,2.5734202138375712
2024-03-01 14:50:00,LINE-2-ROBOT,53.2555526861286,60.07828031273969,1.3111369731985094,12.800794379905868,0,2.6755728255139513
2024-03-01 14:50:00,LINE-3-CONVEYOR,66.82647605322042,49.50199856060046,1.3760958712625804,12.351158257229889,0,3.5136530092377667
2024-03-01 14:50:00,LINE-4-WELD,68.63143859805504,51.954158942291386,1.1190702428992112,11.707432546038852,0,3.293504723970046
2024-03-01 14:55:00,LINE-1-PRESS,47.16748589234389,57.85603635075225,1.3068191016749788,12.909095452536395,0,2.3222516214542894
2024-03-01 14:55:00,LINE-2-ROBOT,45.10371796250561,48.86225491183908,1.2963700129994118,12.66898209683619,1,2.220900488609422
2024-03-01 14:55:00,LINE-3-CONVEYOR,47.66250855557292,50.92156854918315,1.34609300403186,12.400464206011268,0,2.3430252875525226
2024-03-01 14:55:00,LINE-4-WELD,34.88582704979616,61.97545768660393,1.4737979130893222,12.281392316569452,0,2.101892063111135
2024-03-01 15:00:00,LINE-1-PRESS,44.95558474816271,56.63870016642621,1.5312869336706993,12.049203263902344,0,2.4900955303759718
2024-03-01 15:00:00,LINE-2-ROBOT,73.62727018866116,46.60637792660685,1.5282073571147103,12.275552266558334,0,3.670835219723124
2024-03-01 15:00:00,LINE-3-CONVEYOR,44.75449194844662,57.39321832330892,1.5655377409823643,12.265802668285879,0,2.223895905160067
2024-03-01 15:00:00,LINE-4-WELD,70.26469699503502,53.958705834461085,1.876415946443146,13.390979790665375,0,3.7220495702798306
2024-03-01 15:05:00,LINE-1-PRESS,78.3184442766625,58.941393404106435,1.5631860772187425,13.002848295584645,0,3.754333389455632
2024-03-01 15:05:00,LINE-2-ROBOT,75.1797319071591,56.043741839069554,1.43483200062472,12.577251624563887,0,3.656497510425513
2024-03-01 15:05:00,LINE-3-CONVEYOR,66.58493000381219,55.07954642483142,1.0080582303224634,13.014567470516695,0,3.131046959932197
2024-03-01 15:05:00,LINE-4-WELD,55.29860379108981,55.97219035026766,1.4165716802769484,12.710471011952599,0,2.6337373666836648
2024-03-01 15:10:00,LINE-1-PRESS,49.629073814021126,56.90345484258331,1.9348215075487274,13.339304622194108,0,2.4693244697263204
2024-03-01 15:10:00,LINE-2-ROBOT,64.62722489531778,44.203757932933804,1.283329208379472,12.704126914273495,0,3.301438918484811
2024-03-01 15:10:00,LINE-3-CONVEYOR,65.41358479442616,49.88487984253744,1.1394575165934346,12.604037738237148,0,2.9197393726538645
2024-03-01 15:10:00,LINE-4-WELD,39.87237251786136,48.70155846674653,1.5232056794573743,13.081847178313009,0,2.154156857721655
2024-03-01 15:15:00,LINE-1-PRESS,58.34950557673712,58.55502459568213,1.3277649770681643,12.967034446082952,0,2.966873418465293
2024-03-01 15:15:00,LINE-2-ROBOT,71.82531625195253,52.38543832485695,1.2860406400386604,12.302125876970567,0,3.5952314170572546
2024-03-01 15:15:00,LINE-3-CONVEYOR,43.39907634571855,51.9387689651409,1.314629127059241,12.16438209445124,0,2.112163935171917
2024-03-01 15:15:00,LINE-4-WELD,48.042583189801356,51.18139414403807,1.8182534411328262,12.383868120980567,0,2.0951618784313952
2024-03-01 15:20:00,LINE-1-PRESS,64.74973569207314,51.86331289441274,1.5140943232976958,12.145065336273287,0,3.26638938418874
2024-03-01 15:20:00,LINE-2-ROBOT,46.753249748580004,57.417996576302606,1.487337949431108,11.904889452922879,0,2.2204977885579327
2024-03-01 15:20:00,LINE-3-CONVEYOR,52.2521182285432,51.78792293054138,1.6914636749825263,12.844359206806203,0,2.5455045584587914
2024-03-01 15:20:00,LINE-4-WELD,82.53097875555771,52.17720581784002,1.2365569720806493,12.344136993522444,0,3.9411749090724673
2024-03-01 15:25:00,LINE-1-PRESS,51.19562538781256,52.34134601855666,1.2439899650896489,13.042179978163476,0,2.7019006256028826
2024-03-01 15:25:00,LINE-2-ROBOT,48.69502227056514,61.956726989932434,1.4209878772976265,12.039351091935051,0,2.1962590687590233
2024-03-01 15:25:00,LINE-3-CONVEYOR,65.2729287768363,66.46752661662931,1.5131224554434377,12.186881283293278,0,3.4968421666581055
2024-03-01 15:25:00,LINE-4-WELD,39.983880505265404,59.02433174270535,1.6408566040799006,12.495094589097283,0,1.9965563981738221
2024-03-01 15:30:00,LINE-1-PRESS,53.50077446056263,54.209625727435494,1.4781521317506006,12.515221961838517,0,2.615468525496516
2024-03-01 15:30:00,LINE-2-ROBOT,78.98449097983593,63.919284189503735,1.633287745030421,11.54543134185866,0,3.7958815078094275
2024-03-01 15:30:00,LINE-3-CONVEYOR,79.34935155865942,51.89250482288844,1.403036795500331,12.864812995959262,0,3.916550681296148
2024-03-01 15:30:00,LINE-4-WELD,48.60525895369959,59.239608770414215,1.709021883752863,12.194622046770593,0,2.2885011571779614
2024-03-01 15:35:00,LINE-1-PRESS,85.30250422599906,55.63582780642516,1.4535677530648918,11.76548502138099,0,3.88868053040872
2024-03-01 15:35:00,LINE-2-ROBOT,41.07023336704706,55.07641189574413,1.2698020182526057,13.056704670933586,0,2.1873545441715243
2024-03-01 15:35:00,LINE-3-CONVEYOR,77.01636985854809,48.058933317273315,1.6905167169269841,12.608228521726817,0,3.607831276085245
2024-03-01 15:35:00,LINE-4-WELD,47.60206802740605,51.93801706208243,1.5569352130596796,11.84403546939331,0,2.364398982866107
2024-03-01 15:40:00,LINE-1-PRESS,61.54476857005564,60.92901021424663,1.8113962670981398,11.632231243320604,1,3.0369433226816893
2024-03-01 15:40:00,LINE-2-ROBOT,77.73573012617666,63.14687586401316,1.4675199960188552,12.125222931905181,0,3.614862847566111
2024-03-01 15:40:00,LINE-3-CONVEYOR,61.25153703358635,41.91625197522118,1.294339677458654,12.172154205501464,0,3.205562469569294
2024-03-01 15:40:00,LINE-4-WELD,54.56467912288785,50.35276291173945,1.389101251140871,12.201356302052467,0,2.89010845698199
2024-03-01 15:45:00,LINE-1-PRESS,49.38000305611931,59.04442488018784,1.710139344679839,11.923814911997596,0,2.539235734452882
2024-03-01 15:45:00,LINE-2-ROBOT,49.07085394983399,63.66463879117612,1.4745090036324466,11.843884190203724,0,2.4479243070526007
2024-03-01 15:45:00,LINE-3-CONVEYOR,60.640913541651166,53.86987492460387,2.0802861334580087,12.750879236701838,0,3.0857802193253296
2024-03-01 15:45:00,LINE-4-WELD,44.12454375567505,56.70762198080424,1.677689914586441,12.682900366546848,0,2.34606358661342
2024-03-01 15:50:00,LINE-1-PRESS,64.9214953671777,61.86272142048623,1.3613124587764474,12.443128381446092,0,3.3371902851919564
2024-03-01 15:50:00,LINE-2-ROBOT,74.66382502947731,52.18847712221728,1.4987614610980127,11.891565703303119,0,3.603082373362681
2024-03-01 15:50:00,LINE-3-CONVEYOR,72.4389168794762,58.74956459160809,1.582565261431288,12.638780224777415,0,3.487249371300095
2024-03-01 15:50:00,LINE-4-WELD,41.860106374022855,49.85539187758979,1.8308200207167227,11.415476039793912,0,2.2132768180634095
2024-03-01 15:55:00,LINE-1-PRESS,75.67630036684898,62.2019752679996,1.2273091082374166,12.447162558113394,1,3.720999579597768
2024-03-01 15:55:00,LINE-2-ROBOT,53.6520062148465,49.57010808344229,1.5409143299400654,11.520304097872025,0,2.7319928677140677
2024-03-01 15:55:00,LINE-3-CONVEYOR,49.43629154318522,49.06941809135582,2.069765025462464,13.226769065628675,0,2.3093860561321073
2024-03-01 15:55:00,LINE-4-WELD,68.44052091074758,55.14349054539697,1.7188808568498481,12.215618929299342,0,3.661220474680022
2024-03-01 16:00:00,LINE-1-PRESS,55.526914802286385,50.726477486802196,1.5390099960390156,12.279994117021982,0,2.8077736033030654
2024-03-01 16:00:00,LINE-2-ROBOT,69.00281114646327,55.498228834309955,1.5193109492599666,12.046231651490043,0,3.6221736847126693
2024-03-01 16:00:00,LINE-3-CONVEYOR,80.81587580600403,53.647001442131675,1.8483447657400307,12.417440174913793,0,3.9031848114441936
2024-03-01 16:00:00,LINE-4-WELD,55.14436674797632,56.21484838990424,1.318576744833523,13.263060404387344,0,2.519619472709909
2024-03-01 16:05:00,LINE-1-PRESS,47.257551363795464,59.365882140083016,1.681073608329315,12.694543245617302,0,2.683031545358953
2024-03-01 16:05:00,LINE-2-ROBOT,42.59133669575779,59.595840916540844,1.3596127354735414,11.900490954300821,0,2.105021352806361
2024-03-01 16:05:00,LINE-3-CONVEYOR,74.98779892956514,52.777845126577276,1.6109008168288215,13.482639472325392,0,3.817080410405039
2024-03-01 16:05:00,LINE-4-WELD,43.76439844086749,54.92784872139921,1.640232343631886,13.105690786163287,0,2.4534211755501123
2024-03-01 16:10:00,LINE-1-PRESS,71.2226448356748,58.61764423364403,1.5762458597156102,12.999554575157681,0,3.7632777415830985
2024-03-01 16:10:00,LINE-2-ROBOT,47.27709556228175,58.24530940279446,1.2517096074895349,12.164268119733794,1,2.614750016905699
2024-03-01 16:10:00,LINE-3-CONVEYOR,79.08192066266736,60.32689885037988,1.2763637809260704,13.192964472236362,1,3.8438610892530263
2024-03-01 16:10:00,LINE-4-WELD,48.49008036675017,50.078794042599576,1.5023380813329736,12.923925928245213,0,2.527569247006803
2024-03-01 16:15:00,LINE-1-PRESS,44.774438133525535,51.82359875067431,1.572569649324645,12.570911587559802,0,2.2666590646456433
2024-03-01 16:15:00,LINE-2-ROBOT,75.24629164162927,59.48164274371473,1.413076761003947,12.617114845723085,0,3.9097237488430245
2024-03-01 16:15:00,LINE-3-CONVEYOR,81.30245873569005,55.11583178154914,1.3926483800285732,11.999316120828711,0,3.879923281343558
2024-03-01 16:15:00,LINE-4-WELD,49.33288503820913,50.24786042034821,1.4908726182657155,12.917209621137575,0,2.6976740042505014
2024-03-01 16:20:00,LINE-1-PRESS,55.863985894735,49.28257827175767,1.738379968835769,13.203083027546159,0,3.1053913305894194
2024-03-01 16:20:00,LINE-2-ROBOT,80.72358244222987,63.11527119341777,1.4527495070460401,11.846712066712717,0,3.8377769109938042
2024-03-01 16:20:00,LINE-3-CONVEYOR,78.75404623932437,55.08340589440385,1.5799717659525372,12.813220043030784,0,3.8823812090553758
2024-03-01 16:20:00,LINE-4-WELD,53.537604757081404,63.18873729602386,1.3830917734337957,12.985926985291723,0,2.896706895944186
2024-03-01 16:25:00,LINE-1-PRESS,51.67359817593134,53.91975855779011,1.49307880009388,12.209039194023822,0,2.5688289144901595
2024-03-01 16:25:00,LINE-2-ROBOT,39.76885378301648,63.88475421419096,1.5718864843798834,12.380355014061797,0,2.05330658441673
2024-03-01 16:25:00,LINE-3-CONVEYOR,38.491329786383844,56.29781964110021,1.534120135443467,11.773243760737753,0,2.0485173574927
2024-03-01 16:25:00,LINE-4-WELD,56.683758019002006,56.562214710390336,1.4992560669824213,11.923902776562045,0,2.8366463157183333
2024-03-01 16:30:00,LINE-1-PRESS,51.45404978352661,58.112732012745305,1.0888582142445031,12.781737141486234,0,2.638483393065261
2024-03-01 16:30:00,LINE-2-ROBOT,63.347587528954044,51.346207785237176,1.5495599115705965,12.542691279851907,0,3.250459141792851
2024-03-01 16:30:00,LINE-3-CONVEYOR,79.08820847114721,61.10143762292158,1.4655397290423635,12.288695940056172,0,3.8109876401519376
2024-03-01 16:30:00,LINE-4-WELD,41.594912556671055,54.22450124050564,1.5836873855818263,13.205559847581815,0,1.984415330115082
2024-03-01 16:35:00,LINE-1-PRESS,75.95455956805928,49.19549720785806,1.731582645857023,11.31723289030287,0,3.527262001638934
2024-03-01 16:35:00,LINE-2-ROBOT,68.98815850376795,52.046688237380096,1.4395807936624445,12.254611478621616,0,3.570189545828788
2024-03-01 16:35:00,LINE-3-CONVEYOR,73.87041583718187,61.03392553617158,1.422353541503493,12.444391438133666,0,3.945398530807465
2024-03-01 16:35:00,LINE-4-WELD,43.71808064898303,53.49086911075407,1.734447426972755,12.411956151720185,0,2.3397749102058114
2024-03-01 16:40:00,LINE-1-PRESS,72.04774014599765,56.941136963695875,1.2657642887540534,12.449447033247372,1,3.611056225172177
2024-03-01 16:40:00,LINE-2-ROBOT,56.71807927975467,55.6650329099405,1.554349206586853,12.534327272231154,0,2.8336169384134924
2024-03-01 16:40:00,LINE-3-CONVEYOR,78.09598773948989,53.1881548271821,1.4906226601402202,13.17859803212599,0,3.8417512185132296
2024-03-01 16:40:00,LINE-4-WELD,52.375183964148526,61.11386743741157,1.6108719809997936,11.806056347442189,0,2.6003606099601377
2024-03-01 16:45:00,LINE-1-PRESS,42.94573793276349,42.76258074239467,2.0117023666208893,12.30997961124839,0,2.200461715043257
2024-03-01 16:45:00,LINE-2-ROBOT,80.46642759848034,50.5522761030698,1.270588192625508,13.799514072395276,0,3.890733384023278
2024-03-01 16:45:00,LINE-3-CONVEYOR,45.161240354801166,51.19543260096241,1.8356657700923904,12.22369302113938,0,2.3177826608098653
2024-03-01 16:45:00,LINE-4-WELD,61.42691303795021,54.32959199931815,1.3445666821655393,12.816208861065451,0,3.1207117931212576
2024-03-01 16:50:00,LINE-1-PRESS,59.84233376385606,59.10066828755639,1.5302520442191478,12.874012403841249,0,3.018916591021261
2024-03-01 16:50:00,LINE-2-ROBOT,44.30802392449353,53.044290956710576,1.704979501388428,12.55770004302658,0,2.1293010780112334
2024-03-01 16:50:00,LINE-3-CONVEYOR,51.4375770874827,61.01843433421497,1.60637762384036,13.187359495247813,0,2.5941888465888434
2024-03-01 16:50:00,LINE-4-WELD,47.80274300140737,59.57999573869172,1.8914256231276172,12.230152107367255,0,2.2329911985348745
2024-03-01 16:55:00,LINE-1-PRESS,57.5066069962106,61.87432402854124,1.5339629817492195,11.789069411162556,0,3.1579382356039667
2024-03-01 16:55:00,LINE-2-ROBOT,69.0941641371818,51.49632709758686,1.534357923039924,12.899994726817209,0,3.4057328377070046
2024-03-01 16:55:00,LINE-3-CONVEYOR,41.813095340824155,62.31377595930312,1.4364065797459238,13.087893012537627,0,1.9899050600163206
2024-03-01 16:55:00,LINE-4-WELD,74.15869989322147,52.111284289034565,1.5488941212737815,13.27470997686989,0,3.680736662625185
2024-03-01 17:00:00,LINE-1-PRESS,44.76164144889959,62.9542536055093,1.4405017903601625,12.85908781134737,0,2.196640305248142
2024-03-01 17:00:00,LINE-2-ROBOT,63.261973514800935,48.02884153724892,1.2182143150264109,12.47178528540183,0,3.0200891096903546
2024-03-01 17:00:00,LINE-3-CONVEYOR,76.42315603496633,50.046598239120804,1.549667706753154,13.34341057728083,0,3.598431981187951
2024-03-01 17:00:00,LINE-4-WELD,80.56790031694543,57.12707492305946,1.5911915812573225,11.819607952323656,0,3.925289868133909
2024-03-01 17:05:00,LINE-1-PRESS,53.82636504602225,45.35323139311671,1.3641055142771863,12.41415048433064,0,2.620769272929161
2024-03-01 17:05:00,LINE-2-ROBOT,79.91402963410174,56.094133144805184,1.1722030426574985,11.88590178722848,0,3.9370768054211163
2024-03-01 17:05:00,LINE-3-CONVEYOR,53.42980371538969,55.739596699545736,1.8915394684694475,12.88520517537461,0,2.8310457635699118
2024-03-01 17:05:00,LINE-4-WELD,43.26640336588282,62.41034518898208,1.393007409012502,12.32253601370704,0,2.44217930388875
2024-03-01 17:10:00,LINE-1-PRESS,67.24956906119223,56.09285624636996,1.435206257523754,12.846854976231329,0,3.3036156583281824
2024-03-01 17:10:00,LINE-2-ROBOT,80.07902533892774,59.35530292057365,1.7436134140097417,12.45562793168236,0,3.857894570542653
2024-03-01 17:10:00,LINE-3-CONVEYOR,72.55101247100026,51.4987187740535,1.2220873988209409,11.683737431841791,0,3.533986057407223
2024-03-01 17:10:00,LINE-4-WELD,71.70616290631736,51.192570854605385,1.3759058423371477,12.230432820874963,0,3.701153469981303
2024-03-01 17:15:00,LINE-1-PRESS,78.16093299993369,56.1277155938526,1.5962497240118156,12.69510968029207,0,3.848107423040967
2024-03-01 17:15:00,LINE-2-ROBOT,47.141887689941214,54.868580212289444,1.2401266641519044,12.903161213014432,0,2.2711178942978023
2024-03-01 17:15:00,LINE-3-CONVEYOR,74.28120859052014,54.42062951270882,1.4773117113259011,13.107793800259604,0,3.6139334421243055
2024-03-01 17:15:00,LINE-4-WELD,52.49684973609288,52.5185405105811,1.7177667888896695,12.639384387303734,0,2.634281030864098
2024-03-01 17:20:00,LINE-1-PRESS,46.15791222708299,49.86004146198686,1.4702990410077832,12.616139015627185,0,2.503381317268394
2024-03-01 17:20:00,LINE-2-ROBOT,59.58079821610625,51.87325291719645,1.6213318235918572,12.415997790975537,0,3.130549885293716
2024-03-01 17:20:00,LINE-3-CONVEYOR,56.87948589532592,46.88469764159831,1.7097179399495417,12.882908748130749,0,2.591504940079073
2024-03-01 17:20:00,LINE-4-WELD,39.998176522331505,53.05865827904168,1.3106753750160836,13.055003917054483,0,2.105183724194756
2024-03-01 17:25:00,LINE-1-PRESS,58.83662979725056,49.2203697788863,1.5130012700509246,13.028486132590468,0,2.9473922953228042
2024-03-01 17:25:00,LINE-2-ROBOT,49.47998933055942,58.95570319247118,1.6668868308895393,13.11797346946703,0,2.5104565963878844
2024-03-01 17:25:00,LINE-3-CONVEYOR,39.91583001510184,52.65298634183071,1.2908848915329305,13.162598054326974,0,2.201874018120157
2024-03-01 17:25:00,LINE-4-WELD,72.77257150032969,51.590934673422865,1.911901313293161,12.0449084674038,0,3.3482868127882393
2024-03-01 17:30:00,LINE-1-PRESS,64.25234281103087,48.42205349504984,1.3057113366559059,11.831340743483574,0,3.062865240343154
2024-03-01 17:30:00,LINE-2-ROBOT,42.27577927850404,59.367831588168386,1.6425843645768392,13.251008122725112,0,1.9988306017020119
2024-03-01 17:30:00,LINE-3-CONVEYOR,74.37512567959605,52.69074309533144,2.1557709710246296,12.191407941624094,0,3.899826674440055
2024-03-01 17:30:00,LINE-4-WELD,51.83269963779335,65.49914754881216,1.665987263211454,12.37894758462866,0,2.5879736739909465
2024-03-01 17:35:00,LINE-1-PRESS,62.373695220890504,53.07542406377057,1.5271828804615126,12.353590822114777,0,2.9881582077310656
2024-03-01 17:35:00,LINE-2-ROBOT,73.60913339555344,51.42294662062201,1.6164842185690311,12.63627795732986,1,3.5830909102747097
2024-03-01 17:35:00,LINE-3-CONVEYOR,72.7797214200098,54.81861985742022,1.2583648628637663,13.133462032818338,0,3.548909533235832
2024-03-01 17:35:00,LINE-4-WELD,49.34469336204709,52.42643988708391,1.5756743676199516,12.353829163396243,0,2.368337377214802
2024-03-01 17:40:00,LINE-1-PRESS,63.77028608661959,53.78932115910311,1.0666529913752767,13.084941807287725,0,3.342849715930897
2024-03-01 17:40:00,LINE-2-ROBOT,73.81581639103511,55.62310043321176,1.4397817356324618,12.544818537450844,0,3.400778541121882
2024-03-01 17:40:00,LINE-3-CONVEYOR,45.87251681929057,53.2986616454917,1.3660234387241998,12.836390639849188,0,2.508934695995227
2024-03-01 17:40:00,LINE-4-WELD,59.74504025575162,46.309342778078594,1.7464857419357551,13.415024581576768,0,2.809137539513408
2024-03-01 17:45:00,LINE-1-PRESS,48.530184501515,61.37537636079142,1.6852297846892133,12.729886900222262,0,2.2855276662523987
2024-03-01 17:45:00,LINE-2-ROBOT,39.36619599005191,49.05552273210739,2.115345465790241,12.36805883678187,0,2.057839936031071
2024-03-01 17:45:00,LINE-3-CONVEYOR,40.399284069894044,50.424368421115624,1.4796355565421198,12.283105102496545,0,2.0438459931771944
2024-03-01 17:45:00,LINE-4-WELD,39.39157780148603,53.563312909997656,1.5814224137081216,13.273368703640392,0,2.0930760725325217
2024-03-01 17:50:00,LINE-1-PRESS,48.53383434853642,52.56292111181432,1.3687766139913822,11.764772237809211,0,2.320242302178138
2024-03-01 17:50:00,LINE-2-ROBOT,41.009383674586026,60.63333811395917,1.6058355614846371,13.1231823547381,0,2.2272023832708268
2024-03-01 17:50:00,LINE-3-CONVEYOR,55.50974422436564,55.348033543720696,1.449915188312468,11.671430386050396,0,2.882854885583025
2024-03-01 17:50:00,LINE-4-WELD,63.92125017092636,51.22053173303881,0.8793808099268957,12.074578562023476,0,3.234981475912892
2024-03-01 17:55:00,LINE-1-PRESS,75.85540226138873,57.581837201275874,1.7218253379296897,11.990569616466644,0,3.6037741628654114
2024-03-01 17:55:00,LINE-2-ROBOT,49.03542012573887,57.65203229608221,1.2823990833867414,12.166621826208283,0,2.5747432542226
2024-03-01 17:55:00,LINE-3-CONVEYOR,61.06497758463205,50.12263514366246,1.3402666191785928,12.19824804225279,1,3.2223551968224386
2024-03-01 17:55:00,LINE-4-WELD,66.08772504725816,54.703007095050246,1.3210546288743743,12.021766333598114,0,3.1595209963738253
2024-03-01 18:00:00,LINE-1-PRESS,64.86435427987158,52.57611301540006,1.5856606152758876,12.547723843304782,0,3.421613536289695
2024-03-01 18:00:00,LINE-2-ROBOT,56.48556918193703,55.05913859567488,1.5926135922151878,12.588758547203545,0,3.006425211050418
2024-03-01 18:00:00,LINE-3-CONVEYOR,64.24589063266764,54.50390618093228,1.236687635991584,12.132831612611131,0,3.159510239239605
2024-03-01 18:00:00,LINE-4-WELD,80.21545211745278,57.540097082306836,1.2560494493918886,13.219366625014457,0,3.824893974176477
2024-03-01 18:05:00,LINE-1-PRESS,40.02113654174093,48.57833127936407,1.6836724274059511,12.8282413437438,0,2.1695752084835926
2024-03-01 18:05:00,LINE-2-ROBOT,41.13949980265103,58.913628334395845,1.6327602589982333,12.437934565042976,0,2.0419037674302647
2024-03-01 18:05:00,LINE-3-CONVEYOR,72.21872008602404,61.127857613575685,1.556143540997493,13.329305784439162,0,3.427377439633959
2024-03-01 18:05:00,LINE-4-WELD,75.55189757670703,55.60187923584522,1.5565230070371325,13.010864536582982,0,3.600888553579432
2024-03-01 18:10:00,LINE-1-PRESS,48.91937211618004,63.75317515069982,1.673691682294419,12.790112067649414,0,2.349561189976797
2024-03-01 18:10:00,LINE-2-ROBOT,42.80452877159282,50.97159280871235,1.1895306309281557,12.72051955165677,0,2.2783766944406847
2024-03-01 18:10:00,LINE-3-CONVEYOR,66.19953148429737,49.349490001327645,1.3462882731795798,12.503190328497274,0,3.464257069838889
2024-03-01 18:10:00,LINE-4-WELD,50.41322444899675,51.48919148453887,1.477661446699171,12.25219134397251,0,2.536818610328543
2024-03-01 18:15:00,LINE-1-PRESS,51.288705908517734,61.43836417712897,1.499873300624847,12.467979154674488,0,2.3370716149592154
2024-03-01 18:15:00,LINE-2-ROBOT,79.12945261103746,59.12762133104314,1.632965032390705,11.811246468569278,0,3.870278563599684
2024-03-01 18:15:00,LINE-3-CONVEYOR,72.91947282361228,51.137372061107,1.5669304755930615,12.287246402901186,0,3.4569397653938396
2024-03-01 18:15:00,LINE-4-WELD,42.397154910051526,51.65082269533475,1.4649508075485598,13.151082136522938,0,2.319436366880296
2024-03-01 18:20:00,LINE-1-PRESS,78.5466206796166,60.10990097163915,1.7623744434857627,12.363994129559932,0,3.8137771766105724
2024-03-01 18:20:00,LINE-2-ROBOT,64.67251173847711,59.48418239927941,1.8398278885859916,12.307997357827597,0,3.060574225529831
2024-03-01 18:20:00,LINE-3-CONVEYOR,81.82109038880982,56.44240905804305,1.4171257696137578,12.470963510330373,0,4.005219775711181
2024-03-01 18:20:00,LINE-4-WELD,67.1795462522464,54.476712339567015,1.8528623870014984,11.969436515936097,0,3.5022410947827725
2024-03-01 18:25:00,LINE-1-PRESS,53.54601000801984,53.943185045684444,1.566544421646394,12.25315521440072,0,2.6296680624824056
2024-03-01 18:25:00,LINE-2-ROBOT,76.73512262228367,56.13500100582417,1.563392880296941,12.734515330778088,0,3.7611840179642946
2024-03-01 18:25:00,LINE-3-CONVEYOR,74.94082084773332,63.81363358864638,1.7387446997954203,12.089565494351264,0,3.9535967639747023
2024-03-01 18:25:00,LINE-4-WELD,70.41319766563369,58.56604781737791,1.1114045396943038,11.838755738924535,0,3.29559139880282
2024-03-01 18:30:00,LINE-1-PRESS,51.065501433768716,56.417675523513154,1.581458035968036,12.290192259665497,0,2.821861522406411
2024-03-01 18:30:00,LINE-2-ROBOT,58.337501721471604,58.20388808554001,1.5061861734669453,12.949065926505172,0,2.9821064921256872
2024-03-01 18:30:00,LINE-3-CONVEYOR,69.4050534468951,56.457642738608826,1.202194050694439,13.052480637449163,0,3.3282012628815276
2024-03-01 18:30:00,LINE-4-WELD,81.87185807716517,63.05574794413496,1.7141952793640414,12.513334496475945,0,4.013783306859054
2024-03-01 18:35:00,LINE-1-PRESS,40.91166515611764,50.483926742460184,1.3878746203426728,13.011355207909439,0,2.053667851191074
2024-03-01 18:35:00,LINE-2-ROBOT,78.94999921423266,54.93220413572886,1.4226880766248011,12.07480584997068,0,3.816949567823593
2024-03-01 18:35:00,LINE-3-CONVEYOR,66.77159290924708,63.067472627242594,1.451497882692312,12.636817432558013,0,3.262820794493168
2024-03-01 18:35:00,LINE-4-WELD,56.90918033047804,46.99583355378294,1.5519513459114644,12.570132623641253,0,2.953992248427073
2024-03-01 18:40:00,LINE-1-PRESS,75.06888682814491,57.222861196201826,1.5194970625979427,13.07124914146305,1,3.7988901178013963
2024-03-01 18:40:00,LINE-2-ROBOT,53.78193762131882,45.962576217412916,1.4663890056069482,12.445855775435785,0,2.782711201077366
2024-03-01 18:40:00,LINE-3-CONVEYOR,72.10983236137052,52.61465567713044,1.661203545621349,13.12104640607387,1,3.445286480082748
2024-03-01 18:40:00,LINE-4-WELD,79.28018986278529,54.98136001007151,1.4222668225505237,13.177739699806775,0,3.9820312567815463
2024-03-01 18:45:00,LINE-1-PRESS,53.411910286645885,55.957504826020624,1.6535739872135458,13.300608451850607,0,2.5088662172464664
2024-03-01 18:45:00,LINE-2-ROBOT,72.6457903547085,59.0836695769923,1.6460547669502215,12.88136603659142,0,3.4663058866078305
2024-03-01 18:45:00,LINE-3-CONVEYOR,45.15015163892182,54.022813599778814,1.139077979992564,13.123251208724248,0,2.284213780372332
2024-03-01 18:45:00,LINE-4-WELD,69.19607936772023,53.599928131396844,1.709950359855327,11.821644395344643,0,3.3187594198803585
2024-03-01 18:50:00,LINE-1-PRESS,39.224101239695685,50.96989226879136,1.5566459554486725,13.02210673660721,0,2.1943536555186918
2024-03-01 18:50:00,LINE-2-ROBOT,48.38765778898701,54.258125092048694,1.8794201897791252,11.33476202172625,0,2.3041929226505595
2024-03-01 18:50:00,LINE-3-CONVEYOR,74.94988454817084,47.81507824916539,1.3151188406276437,12.946168268565456,0,3.8200328309930223
2024-03-01 18:50:00,LINE-4-WELD,65.81629108909486,47.05494388895331,1.2128747050998954,13.144428502885004,0,3.2460095064864163
2024-03-01 18:55:00,LINE-1-PRESS,40.40427345191579,49.394289762967475,1.4627722988692626,11.899839243260354,0,2.0202146614411496
2024-03-01 18:55:00,LINE-2-ROBOT,60.196885953293815,59.456893861124044,1.323259965028639,12.661001611769265,0,3.038817831340172
2024-03-01 18:55:00,LINE-3-CONVEYOR,51.042904952991385,58.33967833590266,1.4760030369423387,12.362670057596178,0,2.641415956846616
2024-03-01 18:55:00,LINE-4-WELD,67.11520426447208,53.24121017655709,1.995102224659105,12.166601621439321,0,3.622558522699991
2024-03-01 19:00:00,LINE-1-PRESS,66.73919076447208,57.02383256324627,1.0399178055984126,12.216504277747699,0,3.4276293083513303
2024-03-01 19:00:00,LINE-2-ROBOT,65.24363801352519,61.40464767639529,1.818444500187788,12.501652217041887,0,3.427014092715896
2024-03-01 19:00:00,LINE-3-CONVEYOR,50.03671523037722,47.73451784465115,1.3957797652394306,13.28751788745626,0,2.539715299181148
2024-03-01 19:00:00,LINE-4-WELD,72.69977693566823,54.68213996322422,1.4084753290607488,12.7143479118155,0,3.6352073052500096
2024-03-01 19:05:00,LINE-1-PRESS,66.74400311647572,62.39779822819132,1.3618998675174876,13.873185316012336,0,3.3234208718933034
2024-03-01 19:05:00,LINE-2-ROBOT,45.497473191588554,55.38877431507981,1.5807975446546811,13.03854778168321,0,2.320560066858189
2024-03-01 19:05:00,LINE-3-CONVEYOR,59.99778576724808,49.44395035998759,1.3974829738944787,12.324517539215512,0,2.8099357707630226
2024-03-01 19:05:00,LINE-4-WELD,58.38999577946406,52.16379944595826,1.5440333191424327,13.000122281208379,0,2.609390265686497
2024-03-01 19:10:00,LINE-1-PRESS,73.03357851110027,58.140289213711135,1.2808127733006538,12.10061189071849,1,3.5682124329017846
2024-03-01 19:10:00,LINE-2-ROBOT,70.28332193322987,46.478655639833505,1.9035742762965289,12.649653858101658,1,3.355005235307413
2024-03-01 19:10:00,LINE-3-CONVEYOR,55.2789395742493,53.137927227037565,1.5163854510260617,12.431759884119776,0,2.730538893728906
2024-03-01 19:10:00,LINE-4-WELD,60.03129656150924,51.546550298626876,1.5891710993214019,12.465413335276704,0,3.2123069544581146
2024-03-01 19:15:00,LINE-1-PRESS,73.35059721055121,52.614005651136424,1.3650304739676837,12.25865274119468,0,3.583548780491943
2024-03-01 19:15:00,LINE-2-ROBOT,77.31675706452958,59.948480239524706,1.4389871884090113,11.530488944577499,0,3.8505191720640033
2024-03-01 19:15:00,LINE-3-CONVEYOR,59.85067865711364,60.07414747796507,1.2960563805766714,11.97421850273078,0,2.967280361863025
2024-03-01 19:15:00,LINE-4-WELD,45.016781733846656,54.056145724367084,1.9053285120356318,13.11680428291744,0,2.3092488854415927
2024-03-01 19:20:00,LINE-1-PRESS,47.78732582823822,52.934010235122024,1.7064440521109732,12.510991365285992,0,2.348148115994978
2024-03-01 19:20:00,LINE-2-ROBOT,62.3428980647229,71.00121490258532,1.2818906384307303,12.359387383914006,1,3.048313439217575
2024-03-01 19:20:00,LINE-3-CONVEYOR,68.21042968446129,54.448771065117526,1.3566357648692078,11.765698774238968,0,3.462900189468212
2024-03-01 19:20:00,LINE-4-WELD,63.78905950421346,49.20604189596433,1.7233034572500945,12.082091023085372,0,3.269527520855645
2024-03-01 19:25:00,LINE-1-PRESS,62.0439621881946,65.57584578521545,1.4892643789525961,12.931468302992565,0,3.0399330445149095
2024-03-01 19:25:00,LINE-2-ROBOT,79.60734000946492,56.181876601778974,1.5691744735225908,13.262698834437295,0,3.9996921482943932
2024-03-01 19:25:00,LINE-3-CONVEYOR,48.70401976013437,53.92507275015861,1.6464146974852025,12.67899662854499,0,2.314704754468575
2024-03-01 19:25:00,LINE-4-WELD,74.16600809652232,52.65884444134442,1.6320970448053567,11.702962463014586,0,3.7324821274487947
2024-03-01 19:30:00,LINE-1-PRESS,50.30557370604159,58.4730456719779,1.660489670956165,12.336216703990877,0,2.449855349854978
2024-03-01 19:30:00,LINE-2-ROBOT,59.552306355666495,60.84244465414234,1.6607672845250727,11.748659524021601,0,2.87467503804433
2024-03-01 19:30:00,LINE-3-CONVEYOR,81.38545425042399,53.79967967300797,1.3165702244337143,12.156077027487854,0,3.8325583169593354
2024-03-01 19:30:00,LINE-4-WELD,76.05015089066877,54.99175658800627,1.398840248843812,12.354346056726662,0,3.8294055286152804
2024-03-01 19:35:00,LINE-1-PRESS,37.758290460588825,56.42989489564693,1.4641502714287633,12.086270072218289,0,2.0010729506949994
2024-03-01 19:35:00,LINE-2-ROBOT,48.53042396208806,48.73529941447983,1.4854952816424518,12.70591963695296,0,2.2846463089847204
2024-03-01 19:35:00,LINE-3-CONVEYOR,51.012572102104066,52.12242489362213,1.5836694645905818,12.586405345315288,0,2.595517923216083
2024-03-01 19:35:00,LINE-4-WELD,45.024735433336495,57.30137856080357,1.6594088393796038,12.499266553230596,0,2.316998899956126
2024-03-01 19:40:00,LINE-1-PRESS,49.152723686268466,53.12336687321124,1.386521164849439,12.567545707145488,0,2.475809493316017
2024-03-01 19:40:00,LINE-2-ROBOT,70.10199397944483,54.084089201964474,1.349672640434778,12.401131385190943,0,3.756984260161616
2024-03-01 19:40:00,LINE-3-CONVEYOR,61.106438900675535,60.12306558860434,1.4513857956361733,12.733710533676716,0,2.964137284470564
2024-03-01 19:40:00,LINE-4-WELD,51.31410651849619,68.1679779026968,1.442188312351686,12.588678951830225,0,2.4325847080890832
2024-03-01 19:45:00,LINE-1-PRESS,41.87403500212226,54.42333058967204,1.7222181088772723,12.01819146762446,0,2.176097075160074
2024-03-01 19:45:00,LINE-2-ROBOT,66.89202111596605,51.899713049399715,1.5339556925426199,12.553907363126436,0,3.5583909924448305
2024-03-01 19:45:00,LINE-3-CONVEYOR,54.94114064911368,60.43353811032747,1.8127337348723112,11.870450746615802,0,2.573079926704187
2024-03-01 19:45:00,LINE-4-WELD,56.76982015353876,54.723407169823766,1.555318520361489,12.598694223155736,0,2.8586289846880635
2024-03-01 19:50:00,LINE-1-PRESS,44.99767631040983,50.07011369755406,1.9339442715670518,13.471310064409819,1,2.327903418731704
2024-03-01 19:50:00,LINE-2-ROBOT,44.87118626004396,61.59405030061198,1.4408548892025133,12.90053574603366,0,2.30179349804782
2024-03-01 19:50:00,LINE-3-CONVEYOR,67.42253786282407,48.530308589168776,1.3107939624320317,11.73123207474592,1,3.168056398050454
2024-03-01 19:50:00,LINE-4-WELD,76.55797074300867,50.222678716229105,1.8751528055665545,12.05618505798029,1,3.8235295412127166
2024-03-01 19:55:00,LINE-1-PRESS,46.86284953176305,64.28552209531622,1.6082214342281942,12.289250090018728,0,2.2654265622706404
2024-03-01 19:55:00,LINE-2-ROBOT,84.0802343537645,42.479050401768546,1.5543245841757793,12.385955478756399,0,3.77334737978433
2024-03-01 19:55:00,LINE-3-CONVEYOR,79.41891972992717,52.5619464709155,1.5636547631534286,12.784805703812358,0,3.9304276359118564
2024-03-01 19:55:00,LINE-4-WELD,80.79074533221102,58.66733893675667,1.294532928756296,12.12379847971824,0,3.8842963378961657
2024-03-01 20:00:00,LINE-1-PRESS,55.75907075631861,60.04191617800885,1.307362422492,12.14382876165155,0,2.9377477044416103
2024-03-01 20:00:00,LINE-2-ROBOT,37.507455049746575,54.8602649310059,1.628711473000196,12.913451449436204,0,2.0450792325341087
2024-03-01 20:00:00,LINE-3-CONVEYOR,77.79545168137517,50.27871024974555,1.273469246846931,12.394715518363528,0,3.899376636263399
2024-03-01 20:00:00,LINE-4-WELD,49.297442921204016,60.52834394162093,1.567270817825683,12.371141719306172,0,2.3372416669936342
2024-03-01 20:05:00,LINE-1-PRESS,48.558099784211954,54.191661721065266,1.4097830192341478,13.267765574296984,0,2.711421922545645
2024-03-01 20:05:00,LINE-2-ROBOT,67.99062657454981,57.562793467373346,1.3899459137956536,11.776630643503331,0,3.1437634977639863
2024-03-01 20:05:00,LINE-3-CONVEYOR,46.669267066602046,45.08145678998031,1.3986303890329348,12.473736315638414,0,2.288962949244101
2024-03-01 20:05:00,LINE-4-WELD,75.44024259273853,52.326246113041506,1.4379219792787503,12.555897959398227,0,4.003056630446154
2024-03-01 20:10:00,LINE-1-PRESS,46.785834485644315,61.357981828643034,1.3090675297652123,12.638852528246211,0,2.6102447753749716
2024-03-01 20:10:00,LINE-2-ROBOT,48.86363098103612,48.951989638426376,1.432997470148736,12.671284925852104,0,2.289228741334912
2024-03-01 20:10:00,LINE-3-CONVEYOR,43.00540022347069,63.22890031376969,1.5896162693950113,12.328134305720916,0,2.3200466000335807
2024-03-01 20:10:00,LINE-4-WELD,68.09254637846855,53.2035577748612,0.8485264714666849,12.326615686733296,0,3.576650041731716
2024-03-01 20:15:00,LINE-1-PRESS,60.30822435656432,56.523544985787545,1.599122767043849,12.935904256120564,0,2.755855686869461
2024-03-01 20:15:00,LINE-2-ROBOT,36.59020406396957,65.44525791639413,1.543427150371858,11.793496774795617,1,2.204182186654643
2024-03-01 20:15:00,LINE-3-CONVEYOR,81.0890976566298,47.7889161894569,1.0755625570977014,12.479388773901839,0,3.743237515863641
2024-03-01 20:15:00,LINE-4-WELD,64.47548309080356,49.87939716205665,1.4476175804158988,12.747794127816459,0,3.0674251202116958
2024-03-01 20:20:00,LINE-1-PRESS,80.5405351066946,50.51068035653431,1.8216411854891363,11.660003616306202,0,3.941365126901525
2024-03-01 20:20:00,LINE-2-ROBOT,55.393625584614185,55.50157971079354,1.3529924330877319,12.306015963821126,0,2.6905148295240626
2024-03-01 20:20:00,LINE-3-CONVEYOR,47.929560417286105,56.35678481331292,1.6985584650908767,12.0361806934168,0,2.554218755457003
2024-03-01 20:20:00,LINE-4-WELD,58.530499015585235,58.1116375299025,1.7227266222326765,13.372370242989266,0,3.094546372130677
2024-03-01 20:25:00,LINE-1-PRESS,79.34361221736782,54.79565930351114,1.9964540508964825,12.53147646760801,0,3.736242478144582
2024-03-01 20:25:00,LINE-2-ROBOT,71.45058615491301,52.947783044995234,1.5925217536610372,13.036012338300553,0,3.9524731702800495
2024-03-01 20:25:00,LINE-3-CONVEYOR,51.705827015811785,58.53313991918767,1.2456470685783478,13.414601148932615,0,2.232965100745846
2024-03-01 20:25:00,LINE-4-WELD,52.12802459145037,58.15660144386968,1.1475252703282728,12.67691651206295,0,2.758731073337263
2024-03-01 20:30:00,LINE-1-PRESS,77.60770763422566,56.042779574524786,1.6980308678221345,12.676749644222893,0,3.6788935336887354
2024-03-01 20:30:00,LINE-2-ROBOT,64.91463262973728,56.31483571383582,1.3994471659877912,12.823977574665317,0,3.247184554022982
2024-03-01 20:30:00,LINE-3-CONVEYOR,56.84804657878198,54.44974365278758,1.5608602149283242,12.633156817069723,0,2.7597716839892255
2024-03-01 20:30:00,LINE-4-WELD,77.76640043937162,57.08327365895995,1.5273850170044014,12.943563202737783,0,3.79164374231278
2024-03-01 20:35:00,LINE-1-PRESS,48.917306729654484,60.777631455247544,1.4555588949658227,12.32849569049186,0,2.6333825522762186
2024-03-01 20:35:00,LINE-2-ROBOT,68.24722051219307,57.352019840972815,1.3238741670496155,12.365099440263696,0,3.4259802423848233
2024-03-01 20:35:00,LINE-3-CONVEYOR,77.50361135626926,53.92944488811377,1.2209086608266901,12.439506626205457,0,3.6877919691403873
2024-03-01 20:35:00,LINE-4-WELD,42.081549310523414,62.6163256475168,1.7333602105582275,12.964334549680224,0,2.4556712144497563
2024-03-01 20:40:00,LINE-1-PRESS,58.61396814050837,55.41505464136878,1.2001156227066287,11.696545694368776,0,2.699443006339392
2024-03-01 20:40:00,LINE-2-ROBOT,63.751146551571644,62.93785753379021,1.315683275265941,11.670329199932404,0,2.9569647577734
2024-03-01 20:40:00,LINE-3-CONVEYOR,71.58469807928348,54.61873673089949,1.59305818708982,12.39879480570646,0,3.5066207071417614
2024-03-01 20:40:00,LINE-4-WELD,64.29127189153677,61.529770222021455,1.5887785214022645,12.86978755410446,0,3.3240384623306367
2024-03-01 20:45:00,LINE-1-PRESS,38.58856765161612,59.81611669831836,1.6738386673127759,11.508826893090372,0,2.012160279997443
2024-03-01 20:45:00,LINE-2-ROBOT,48.92592657905879,54.60214935316106,1.612030197760687,12.726347116437177,0,2.378409269638647
2024-03-01 20:45:00,LINE-3-CONVEYOR,51.327375255868716,54.13320256446432,1.5186900379087507,12.687983303912565,0,2.5480009922015103
2024-03-01 20:45:00,LINE-4-WELD,71.46940613792404,63.23093004556286,1.695419143778355,12.727248091453658,0,3.7242762640795837
2024-03-01 20:50:00,LINE-1-PRESS,72.21947229428756,54.65908126037077,1.5082719046674367,11.802995777555013,1,3.4328195225271845
2024-03-01 20:50:00,LINE-2-ROBOT,63.92832374028732,54.856959823731145,1.5089785665245654,12.506760713063432,0,3.1224780105703385
2024-03-01 20:50:00,LINE-3-CONVEYOR,74.50908031957327,54.09174769125383,1.49583411976883,12.50432185280795,0,3.7081226004542214
2024-03-01 20:50:00,LINE-4-WELD,60.91592939236291,56.36123540813768,1.4709346080291124,12.782123449842588,0,2.753263635856906
2024-03-01 20:55:00,LINE-1-PRESS,41.02846756779388,56.750151631308775,1.5189809492346584,13.284471746174686,0,2.0547559492671024
2024-03-01 20:55:00,LINE-2-ROBOT,78.06357548779484,51.369753958126594,1.3591432126451062,12.727939008978048,0,3.7683819364638036
2024-03-01 20:55:00,LINE-3-CONVEYOR,38.45445591436159,53.642038551011076,1.5934552537010296,11.855574985060434,0,2.0232804461997165
2024-03-01 20:55:00,LINE-4-WELD,70.87057954616189,58.08155233125677,1.334271815019597,12.805397387943415,0,3.4476873711362113
2024-03-01 21:00:00,LINE-1-PRESS,71.2553278805471,56.62366517911034,1.6102803981716631,11.795806629127137,1,3.644107322285932
2024-03-01 21:00:00,LINE-2-ROBOT,61.6843526795402,51.006614323911684,1.493949882304425,13.093069517438638,0,3.1703497416543787
2024-03-01 21:00:00,LINE-3-CONVEYOR,73.26264883409728,63.9891044881881,1.5411179579830456,11.861764474215173,0,3.6607132499818156
2024-03-01 21:00:00,LINE-4-WELD,75.32939792482868,61.61161837338081,1.5021943336532257,13.009463105583647,0,3.8701254378859744
2024-03-01 21:05:00,LINE-1-PRESS,43.77234130568219,51.16813689614147,1.6480548614983102,12.55522386857264,0,2.221584713540071
2024-03-01 21:05:00,LINE-2-ROBOT,76.68305609091813,56.43680519018722,1.5739112500000665,12.348048932539324,0,3.7981435889667674
2024-03-01 21:05:00,LINE-3-CONVEYOR,55.390062736661406,47.50974928242982,1.7550529077241248,12.719428723103066,0,2.675568261714227
2024-03-01 21:05:00,LINE-4-WELD,53.82184785251844,59.81110286400979,1.3486418394060247,11.306797659316146,0,2.501235261698184
2024-03-01 21:10:00,LINE-1-PRESS,55.971716019644816,54.22966570886343,1.334927040781847,12.4182875754174,0,2.7323903115908963
2024-03-01 21:10:00,LINE-2-ROBOT,62.53443233682993,45.31890793284563,1.499523258048574,12.32160482318023,0,3.1563288450866325
2024-03-01 21:10:00,LINE-3-CONVEYOR,61.40237601238677,64.78715000958996,1.6065734415948065,12.267767612159753,0,3.0901898297553663
2024-03-01 21:10:00,LINE-4-WELD,63.89239849891272,56.80718901682411,0.9489455923196499,12.105084334034172,0,3.249641885074226
2024-03-01 21:15:00,LINE-1-PRESS,41.791759980466075,43.21584448121669,1.5794049522088338,12.618806930468226,0,2.1311413540143738
2024-03-01 21:15:00,LINE-2-ROBOT,63.78855836610754,59.69857843401622,1.56156337403254,12.597664082516301,0,3.481688794446612
2024-03-01 21:15:00,LINE-3-CONVEYOR,76.9360342288721,60.56223931633089,1.342707258645037,11.781155363516556,0,3.583853789247942
2024-03-01 21:15:00,LINE-4-WELD,64.7419940065519,47.68027672882484,1.7372270229931819,12.160453785754402,0,3.317501921965291
2024-03-01 21:20:00,LINE-1-PRESS,59.22956969967995,54.45474121067145,1.5090216002426793,12.30668413281799,0,2.660209660287384
2024-03-01 21:20:00,LINE-2-ROBOT,60.632702831611795,55.922598703470314,1.4981871985144535,12.287151604214863,0,2.888464672143937
2024-03-01 21:20:00,LINE-3-CONVEYOR,67.43284507664868,62.70419844101909,1.4739665079606532,13.274826359859478,0,3.504234959321534
2024-03-01 21:20:00,LINE-4-WELD,66.61986685321047,56.57867682712974,1.3858556535377755,12.147782260299168,0,3.5117004291264835
2024-03-01 21:25:00,LINE-1-PRESS,45.948669983681185,55.240040691040576,1.4688877637801605,12.802473811118183,0,2.319515330569631
2024-03-01 21:25:00,LINE-2-ROBOT,75.56801815639604,56.01279197855739,1.4011577380840352,12.508461126641539,0,3.8052176350757447
2024-03-01 21:25:00,LINE-3-CONVEYOR,55.37031114192312,58.327345886255024,1.2350660520843462,12.964138972642212,0,2.7887775027037858
2024-03-01 21:25:00,LINE-4-WELD,63.91100313577675,54.107935348199334,1.397529956592219,13.082544393663694,1,3.063902971333984
2024-03-01 21:30:00,LINE-1-PRESS,39.00216865832364,60.371960542308074,1.733920028736406,12.675848883957833,0,2.354054729883483
2024-03-01 21:30:00,LINE-2-ROBOT,46.26024541671502,53.28162257192758,1.61824149902736,12.801484518982804,0,2.202525804556396
2024-03-01 21:30:00,LINE-3-CONVEYOR,56.38740832933853,52.04828132726677,1.2124518392484378,12.558239423613104,0,3.0887183860930643
2024-03-01 21:30:00,LINE-4-WELD,65.18253665110316,53.41403503817644,1.4874338515757377,11.739234112960547,0,3.389897434449483
2024-03-01 21:35:00,LINE-1-PRESS,79.40180050413474,56.639354409655,1.0866721474291858,12.253571668148057,0,3.8471913166283827
2024-03-01 21:35:00,LINE-2-ROBOT,83.9465075703583,56.497960672253186,1.3083122573866022,12.262095717232377,0,3.9298033226752285
2024-03-01 21:35:00,LINE-3-CONVEYOR,48.36651805593739,63.48319839071117,1.4355159883459354,13.007014423800355,0,2.4007500662117973
2024-03-01 21:35:00,LINE-4-WELD,77.84265709180592,54.48438637176298,1.630213224547454,12.56983504113821,0,3.882701465048816
2024-03-01 21:40:00,LINE-1-PRESS,73.21383309907115,53.43433677841608,1.7501930234170264,13.019302304763551,0,3.6231856310673374
2024-03-01 21:40:00,LINE-2-ROBOT,55.994845522995334,60.691115300263135,1.700573057009106,12.620515249475279,0,2.730719577666001
2024-03-01 21:40:00,LINE-3-CONVEYOR,52.95241294588017,50.92677569580976,1.388546822322909,12.208049963255498,0,2.45068355808741
2024-03-01 21:40:00,LINE-4-WELD,58.6040085387005,47.8278955049622,1.290204342965561,12.421281564002879,0,2.5484643382511707
2024-03-01 21:45:00,LINE-1-PRESS,55.762978451319256,53.60457451093246,1.6264619604183372,12.640667185390955,0,2.8270408197883174
2024-03-01 21:45:00,LINE-2-ROBOT,50.97001409734956,54.035610200549534,1.7046610504650612,13.207400293092194,0,2.5859854371405486
2024-03-01 21:45:00,LINE-3-CONVEYOR,58.48130393444953,60.97550376840981,1.4419099186170208,11.976870881990145,0,2.940495595818135
2024-03-01 21:45:00,LINE-4-WELD,51.17861475986054,51.17038711306617,2.0522546992033965,12.220587380766833,0,2.4672155712826824
2024-03-01 21:50:00,LINE-1-PRESS,73.83370932740728,50.283498815856724,1.8376609650646942,13.160627799918478,0,3.3558815259458714
2024-03-01 21:50:00,LINE-2-ROBOT,52.56116306793022,48.517602307647635,1.3310547635353167,13.408077205685474,0,2.602314549795131
2024-03-01 21:50:00,LINE-3-CONVEYOR,43.99586191513745,57.194905977335125,0.9945942634324805,14.078878091912582,0,2.1541176387226724
2024-03-01 21:50:00,LINE-4-WELD,50.14490426843009,57.47697307517271,1.5916669267281622,12.443640197887692,0,2.373676616328634
2024-03-01 21:55:00,LINE-1-PRESS,62.50668103296453,61.964300666055905,1.340423544288314,12.51328034299051,0,3.07377511613506
2024-03-01 21:55:00,LINE-2-ROBOT,54.12675398316939,45.85394486143013,1.5116226348267745,12.519844766228163,0,2.738171116747238
2024-03-01 21:55:00,LINE-3-CONVEYOR,41.844491043591454,52.794303741812186,1.4429792394627488,12.845584267628944,0,2.2876606301912212
2024-03-01 21:55:00,LINE-4-WELD,70.58786206235943,58.364192562983604,1.620669316875594,12.162119792684484,0,3.2910050604938665
2024-03-01 22:00:00,LINE-1-PRESS,48.721874547520855,54.315827636610635,1.8729969119296621,13.212422810407395,0,2.4154705617847543
2024-03-01 22:00:00,LINE-2-ROBOT,77.11089758669803,59.40675406189692,1.732908593008707,12.427464790539366,0,3.6614942599549565
2024-03-01 22:00:00,LINE-3-CONVEYOR,73.61095160566846,58.88065482754295,1.6234419067290542,12.643606665564773,0,3.8377594095876
2024-03-01 22:00:00,LINE-4-WELD,48.550722512184265,48.62584652932016,1.221859083996285,12.508221991747346,0,2.3576234146055683
2024-03-01 22:05:00,LINE-1-PRESS,75.89675941817801,64.11119113364792,1.5950151474937377,11.817790038057323,0,3.6995029322283024
2024-03-01 22:05:00,LINE-2-ROBOT,59.35940383753922,50.80198500561156,1.0020840969659746,12.02483230908164,0,2.8042367188330486
2024-03-01 22:05:00,LINE-3-CONVEYOR,65.88077389964634,56.648275242339984,1.5121875139741738,12.86598440154287,0,3.3961706823560984
2024-03-01 22:05:00,LINE-4-WELD,65.49215133159036,60.56519315247131,1.4421362591537839,12.603367795805868,0,2.9696502011648835
2024-03-01 22:10:00,LINE-1-PRESS,80.08715210113459,48.297043759924584,1.0766971495074569,12.411349757082258,0,3.811823183127341
2024-03-01 22:10:00,LINE-2-ROBOT,70.62676800943208,61.93714582086301,1.1190764206236898,11.658435793476864,0,3.4746342871534925
2024-03-01 22:10:00,LINE-3-CONVEYOR,40.94245997539182,52.551212446711446,1.6180934409868584,13.105795439397088,0,2.014722260540553
2024-03-01 22:10:00,LINE-4-WELD,75.61053048620971,58.40551126250122,1.8450065884069136,12.127065348163804,0,3.820587913593882
2024-03-01 22:15:00,LINE-1-PRESS,52.61433760649058,52.80472829293768,1.3671732803088221,12.520520307844462,0,2.282479789840901
2024-03-01 22:15:00,LINE-2-ROBOT,73.96123507656391,60.13493424710977,1.511798958130642,12.319502464117361,1,3.5754757833258224
2024-03-01 22:15:00,LINE-3-CONVEYOR,80.48564964838458,52.87791528651412,1.4269029600570706,13.122353832916367,0,3.8968785765960856
2024-03-01 22:15:00,LINE-4-WELD,48.21760458517352,54.65766933214918,1.54887008142329,12.528582470134035,0,2.3687370819409184
2024-03-01 22:20:00,LINE-1-PRESS,69.41919925048089,46.48266558699865,1.5784193610519563,12.516272515880962,0,3.4219955903498223
2024-03-01 22:20:00,LINE-2-ROBOT,58.927541252893505,52.072486984503065,1.1793933453519077,11.976570852315866,0,2.69719915885608
2024-03-01 22:20:00,LINE-3-CONVEYOR,76.63534773077755,53.961640179966956,1.2611994688139998,13.201350644866249,0,3.813038212333465
2024-03-01 22:20:00,LINE-4-WELD,43.541091446576544,56.70217507431576,1.5999040130495443,12.475375526194318,0,2.2774821184275384
2024-03-01 22:25:00,LINE-1-PRESS,73.89370047129187,62.23431533840432,1.114773632710095,12.51552874518148,1,3.427433653793153
2024-03-01 22:25:00,LINE-2-ROBOT,60.43969830608995,60.85012151033471,1.2881149795906452,12.675840708235393,0,2.875624953930109
2024-03-01 22:25:00,LINE-3-CONVEYOR,76.44780415583533,52.48264897052118,1.4787866465322268,12.701761455764665,0,3.864579061456845
2024-03-01 22:25:00,LINE-4-WELD,39.4804515880667,50.42985321826584,1.4962877359477504,12.238838586640187,0,2.1201377879340297
2024-03-01 22:30:00,LINE-1-PRESS,83.3000499047132,48.42599168471408,1.4420709213116707,12.540143270503687,0,3.9421104277349364
2024-03-01 22:30:00,LINE-2-ROBOT,42.531142410670874,48.35188776603984,1.5041987086768598,13.025423697114363,0,2.0655470390191635
2024-03-01 22:30:00,LINE-3-CONVEYOR,48.2385393438095,54.00676541088124,1.2015888305025912,12.974686915099012,0,2.2630391741397724
2024-03-01 22:30:00,LINE-4-WELD,85.07353017379606,44.630646275882725,1.6411325109461474,12.720852404158908,0,4.002524503854958
2024-03-01 22:35:00,LINE-1-PRESS,77.35924765555659,59.68423261353789,1.3895304810343296,13.121670751486803,0,3.5182020753269145
2024-03-01 22:35:00,LINE-2-ROBOT,67.09175278779469,54.03270818519209,1.7324159475981527,12.297800675607442,0,3.307319430543509
2024-03-01 22:35:00,LINE-3-CONVEYOR,65.48967016355125,61.57528135728313,1.5470337667983614,13.046617045928258,0,3.1744583422783466
2024-03-01 22:35:00,LINE-4-WELD,56.991495533455264,57.530295102465175,1.0684514228579194,12.399906641130912,0,2.8350573825839143
2024-03-01 22:40:00,LINE-1-PRESS,63.16501913018997,54.042547345728956,1.6362063087128522,12.710273535599018,0,3.124302146147794
2024-03-01 22:40:00,LINE-2-ROBOT,77.76897684326305,46.77666983505488,1.1391195154440268,12.828682413104318,0,3.876818139067526
2024-03-01 22:40:00,LINE-3-CONVEYOR,77.51866241665269,47.1169833086627,1.217016802238357,12.320835193597055,0,3.7526090950713336
2024-03-01 22:40:00,LINE-4-WELD,46.55598040293952,50.03202607777209,1.7221351663644613,12.704935744629617,0,2.357134272379389
2024-03-01 22:45:00,LINE-1-PRESS,60.515051867660965,51.534961259666424,1.6635861325464407,12.779688918591994,0,2.948959177360168
2024-03-01 22:45:00,LINE-2-ROBOT,76.48753206861466,57.59601933742471,1.7533517643794005,12.640488603415214,0,3.892272774715932
2024-03-01 22:45:00,LINE-3-CONVEYOR,70.00461669256465,49.878932723947244,1.5871504887168157,12.497825200327993,0,3.5032063761040826
2024-03-01 22:45:00,LINE-4-WELD,71.85362666023353,55.42766280947211,1.4098673113153297,12.53361129399225,0,3.5692271150111634
2024-03-01 22:50:00,LINE-1-PRESS,47.89413353316877,62.48341248104576,1.8125899033481445,11.923428594764383,0,2.249094440889433
2024-03-01 22:50:00,LINE-2-ROBOT,46.95679886153502,58.28690262465719,1.8694120466015223,11.806354187802775,0,2.4272350885295975
2024-03-01 22:50:00,LINE-3-CONVEYOR,67.13361563245248,54.77829190733354,1.610047754124641,12.441854757496355,1,3.000193608190305
2024-03-01 22:50:00,LINE-4-WELD,42.53756239419321,59.64288058281548,1.5521859232904727,12.67789285562222,1,2.00287259969634
2024-03-01 22:55:00,LINE-1-PRESS,61.5493037208105,57.03450385849955,1.3579912710323292,12.717574594942635,0,3.248386330933742
2024-03-01 22:55:00,LINE-2-ROBOT,70.9622149128842,48.60340340956078,1.5537042956921532,12.833616070594971,0,3.6829031197429045
2024-03-01 22:55:00,LINE-3-CONVEYOR,74.5146938489444,59.69561882752892,1.3820262608985363,13.062944110206127,1,3.472715311646522
2024-03-01 22:55:00,LINE-4-WELD,45.55635663055917,49.5301612369816,1.3744395129858669,12.294589421995127,0,2.049716218819506
2024-03-01 23:00:00,LINE-1-PRESS,76.74697442864922,56.38496737540173,1.163658810754081,13.0357920958773,0,3.8193523564333973
2024-03-01 23:00:00,LINE-2-ROBOT,51.83824752990694,57.4346522054667,1.4421335425876758,13.26437908468814,0,2.609265597198647
2024-03-01 23:00:00,LINE-3-CONVEYOR,71.10937232542581,65.87385870908342,1.5226337316586802,12.35678686069113,0,3.6521829050511196
2024-03-01 23:00:00,LINE-4-WELD,46.205557420936955,48.97648602708558,1.6297075469441964,12.309554434160328,0,2.1288685599716985
2024-03-01 23:05:00,LINE-1-PRESS,50.940243373802694,58.27720758234845,1.548402282863844,12.304241730329746,0,2.7040661537474904
2024-03-01 23:05:00,LINE-2-ROBOT,49.416174726547474,57.6122743060475,1.8538298344038404,11.99771892758501,0,2.4642811287026056
2024-03-01 23:05:00,LINE-3-CONVEYOR,70.21460744120193,58.01348999937802,1.0761214112333817,12.44164536555754,0,3.7868452005277615
2024-03-01 23:05:00,LINE-4-WELD,54.7799976770785,63.80888190285113,1.0681231796472708,12.642798018666399,0,2.654551331357807
2024-03-01 23:10:00,LINE-1-PRESS,43.76592234745629,51.65753259053431,1.097665552091426,12.16715745320734,0,2.0460112968809616
2024-03-01 23:10:00,LINE-2-ROBOT,64.08528020942224,57.314130230729624,1.6632975568688213,12.17184632360234,0,3.1086324079173413
2024-03-01 23:10:00,LINE-3-CONVEYOR,46.01852245121108,52.272156802265144,1.6601706861235725,12.76259192847804,0,2.6375975114904486
2024-03-01 23:10:00,LINE-4-WELD,55.51281032450651,60.621476368442664,1.3657643385911642,12.775962313378235,0,2.903614074610301
2024-03-01 23:15:00,LINE-1-PRESS,80.58513451829732,56.029077483153316,1.4419821506796995,12.346425275601044,0,4.000737257626516
2024-03-01 23:15:00,LINE-2-ROBOT,45.87122351942967,50.94072608858384,1.5072903553798738,12.245829442729228,0,2.4962843400832
2024-03-01 23:15:00,LINE-3-CONVEYOR,73.69272411477614,57.607180248820846,1.1529179681669512,12.368198153429693,0,3.685697105711169
2024-03-01 23:15:00,LINE-4-WELD,76.94231903905693,50.815671213576785,1.8057059168987861,13.128010368690024,0,3.8559423644632047
2024-03-01 23:20:00,LINE-1-PRESS,64.16259249684745,52.99741450826691,1.4279981493365064,12.36048712325583,0,3.005652365817302
2024-03-01 23:20:00,LINE-2-ROBOT,58.50863867239757,48.33811521578444,1.6933672302351754,12.759810465467655,1,2.6483919764428085
2024-03-01 23:20:00,LINE-3-CONVEYOR,73.7051109826947,61.45818506766628,1.1212598511761926,12.387971742747581,0,3.7760098458702624
2024-03-01 23:20:00,LINE-4-WELD,55.5948821676598,49.42604714148938,1.8090108076020806,11.516325056517857,0,2.5802241785342286
2024-03-01 23:25:00,LINE-1-PRESS,54.2016371400747,58.42719650880847,1.7746354167858371,11.899969144357103,0,2.618821883700057
2024-03-01 23:25:00,LINE-2-ROBOT,69.96506850803605,57.153835396401135,1.586744917113282,12.19073284792077,0,3.450613836544197
2024-03-01 23:25:00,LINE-3-CONVEYOR,52.944781705543605,57.00271908078474,1.0498508809637026,11.749287883793283,0,2.6145818008848503
2024-03-01 23:25:00,LINE-4-WELD,39.8651609807616,53.7998495039038,1.8287556855622993,12.792252765395713,0,2.11547818751691
2024-03-01 23:30:00,LINE-1-PRESS,70.04095528432494,59.506512975793655,1.4689966594176984,12.281342552111285,0,3.3256526703742018
2024-03-01 23:30:00,LINE-2-ROBOT,78.22737687643287,53.85831843364964,1.5975764039305609,11.970121972855834,0,3.851768471884266
2024-03-01 23:30:00,LINE-3-CONVEYOR,75.40278545250116,63.478435045374354,1.9046128854556021,12.644438191679544,0,3.919567749900606
2024-03-01 23:30:00,LINE-4-WELD,78.44434873308985,49.58791655761609,1.3294306174998505,11.65196023448381,0,3.7103936223474916
2024-03-01 23:35:00,LINE-1-PRESS,48.07433891989861,65.42913581721602,1.4023300557321776,13.452746509549153,0,2.112692939816011
2024-03-01 23:35:00,LINE-2-ROBOT,64.0004838287373,56.14164116843337,1.5000124409220728,12.574831567583772,0,3.240050130902793
2024-03-01 23:35:00,LINE-3-CONVEYOR,45.18829274403756,51.53597582837592,1.4714493539371658,12.313928390233063,0,2.2015369867755323
2024-03-01 23:35:00,LINE-4-WELD,78.1143823404272,54.55735499032165,1.2416740271958533,12.669038594735348,0,3.894633688216962
2024-03-01 23:40:00,LINE-1-PRESS,59.88573057650244,52.31590737459582,1.5441950787160492,12.1126523801259,0,3.2084537730724962
2024-03-01 23:40:00,LINE-2-ROBOT,65.28714159070779,60.06272124693522,1.65063321231632,12.825378449337714,0,3.1223380477620433
2024-03-01 23:40:00,LINE-3-CONVEYOR,77.7305471933607,46.44729461595722,1.6272529782863352,13.289797084433761,0,3.851132983729854
2024-03-01 23:40:00,LINE-4-WELD,61.68096422323346,55.48508883811428,1.2749626915569716,12.698426844648274,0,3.037499144923028
2024-03-01 23:45:00,LINE-1-PRESS,39.3013945608632,53.602662657803144,1.5306135949103545,13.024116457695008,0,2.1724718322913485
2024-03-01 23:45:00,LINE-2-ROBOT,50.557775325875774,59.097830281559055,0.9247519191686477,12.461665597189526,0,2.46172706319483
2024-03-01 23:45:00,LINE-3-CONVEYOR,66.16206465772834,64.46284097903003,1.2832658439445264,12.881175330475985,0,3.370470611416827
2024-03-01 23:45:00,LINE-4-WELD,75.38873006199235,53.47881965633962,1.6283276575055805,13.307211075486238,0,3.782950172881801
2024-03-01 23:50:00,LINE-1-PRESS,66.61742858109682,58.45162448556909,1.1113758594407237,12.084971060250957,0,3.1097344480155926
2024-03-01 23:50:00,LINE-2-ROBOT,52.12594427906042,61.98709385689472,1.5155153214231372,13.072669715267052,0,2.6309122360272084
2024-03-01 23:50:00,LINE-3-CONVEYOR,72.20145196368908,46.4241699858569,1.5800921592702148,12.738581063198668,0,3.5349972298397128
2024-03-01 23:50:00,LINE-4-WELD,47.171642156693956,53.99318182222684,1.6589604700294724,12.477349603405978,0,2.2765622208787253
2024-03-01 23:55:00,LINE-1-PRESS,80.06424028644614,66.64224148976456,1.407741489719049,12.7559115239099,0,3.830461449810309
2024-03-01 23:55:00,LINE-2-ROBOT,44.49004949986353,62.56918995664867,1.613614132654043,12.796067540611567,0,2.4772456811371115
2024-03-01 23:55:00,LINE-3-CONVEYOR,74.31089668852438,58.60354865001694,1.679677994828474,12.893324334992824,0,3.637157336380828
2024-03-01 23:55:00,LINE-4-WELD,73.4493724215152,62.49739973991239,1.494047476077913,12.179420924095071,0,3.7092721649572473
2024-03-02 00:00:00,LINE-1-PRESS,43.76591442945483,63.25313313951667,1.5259503223593966,12.866807684813493,0,2.014838444977755
2024-03-02 00:00:00,LINE-2-ROBOT,62.9436980142997,59.26913120353257,1.4672468182594096,12.610827546454695,0,3.2332588716841157
2024-03-02 00:00:00,LINE-3-CONVEYOR,58.20586873204968,53.552947815009155,1.8536694783180558,12.568260891309215,0,2.6549175084523338
2024-03-02 00:00:00,LINE-4-WELD,38.38136873996723,55.318699198640466,1.3244691330174896,12.348438665317039,0,2.06041030597209
2024-03-02 00:05:00,LINE-1-PRESS,43.88950028676113,49.629065265186966,1.324357385569623,12.86098193520671,0,2.135822592898051
2024-03-02 00:05:00,LINE-2-ROBOT,74.2696354900864,51.20599240238825,1.6562737418984743,12.018793575455533,0,3.317530543145221
2024-03-02 00:05:00,LINE-3-CONVEYOR,66.41484138803965,53.84447034319488,1.338731384101028,12.455622344426942,0,3.378456968375741
2024-03-02 00:05:00,LINE-4-WELD,74.86169600902578,49.27371934164307,1.2443059279083626,12.376946656922101,0,3.617339300606727
2024-03-02 00:10:00,LINE-1-PRESS,46.904021653038455,46.945240832913946,1.63419738949908,11.776858381318949,0,2.4476978259157973
2024-03-02 00:10:00,LINE-2-ROBOT,72.25625514390853,50.311692453263724,1.3603319402855338,12.306816555696557,0,3.5924997314749154
2024-03-02 00:10:00,LINE-3-CONVEYOR,43.89238599805605,56.271214681390894,1.4317356575621674,12.44591298912665,0,2.597890859233351
2024-03-02 00:10:00,LINE-4-WELD,68.98364313214732,50.951014987513396,1.1912535838867688,12.26151101240616,0,3.535076014226046
2024-03-02 00:15:00,LINE-1-PRESS,59.2176569408364,65.02633940693879,1.4040378229283008,11.984617536099135,0,3.0551313100818116
2024-03-02 00:15:00,LINE-2-ROBOT,77.7861792770453,56.35531792144254,1.4343728944320162,12.621592165445668,0,3.770154174733794
2024-03-02 00:15:00,LINE-3-CONVEYOR,40.96859208203694,52.70879000489543,1.5475444149647655,12.909793729686356,0,2.0496480973981197
2024-03-02 00:15:00,LINE-4-WELD,61.48924432516021,46.462517990696405,1.22683109597562,12.516442213325872,0,3.010782866433134
2024-03-02 00:20:00,LINE-1-PRESS,51.86023629422041,49.379481993906154,1.5958455939591156,12.575114640737176,0,2.6127435599601365
2024-03-02 00:20:00,LINE-2-ROBOT,54.450432270802054,56.23637108632761,1.5649265324986172,13.131519154563295,0,2.8245445774667957
2024-03-02 00:20:00,LINE-3-CONVEYOR,49.618793345183335,53.76500629728892,1.6155461094765364,12.404727913032959,0,2.482537461510124
2024-03-02 00:20:00,LINE-4-WELD,75.73882201671327,58.38138213727545,1.6099739968981794,12.941987787815972,0,3.794361374573504
2024-03-02 00:25:00,LINE-1-PRESS,79.04840239727083,48.831616705046486,1.2326465883642785,12.450935630582022,0,3.683582155047788
2024-03-02 00:25:00,LINE-2-ROBOT,74.02759755476978,54.85292772524212,1.237546980499708,12.072973115418966,0,3.846381029452607
2024-03-02 00:25:00,LINE-3-CONVEYOR,44.210594744680456,51.02965649100854,1.3714716267066323,12.325898476332219,0,2.0231627830196834
2024-03-02 00:25:00,LINE-4-WELD,50.22658715920843,62.00846975342984,1.4346652707830003,11.692682911039531,0,2.7335122524712374
2024-03-02 00:30:00,LINE-1-PRESS,51.55155324798797,47.17557237274129,1.5293829527851763,12.004087571483348,0,2.611458641027094
2024-03-02 00:30:00,LINE-2-ROBOT,63.259584494997455,54.45130201257984,1.906830132011616,11.953167259033377,0,3.080203687007372
2024-03-02 00:30:00,LINE-3-CONVEYOR,60.06825244364239,52.06811450885398,1.4287268987558757,12.40085770597246,0,3.0517644879771955
2024-03-02 00:30:00,LINE-4-WELD,80.2382281421098,57.76388074310437,1.6119403900607339,13.163433478409887,0,3.8912629752327326
2024-03-02 00:35:00,LINE-1-PRESS,79.39580330340665,50.569298482802175,1.718031126977404,12.557679357481593,1,3.6917571777982436
2024-03-02 00:35:00,LINE-2-ROBOT,72.22971924064639,60.9520364658284,1.5666672360495744,12.7894772152897,0,3.8765795762796684
2024-03-02 00:35:00,LINE-3-CONVEYOR,72.95781284102341,51.19920242841988,1.4790036911648148,12.436917975975492,0,3.6492089903976646
2024-03-02 00:35:00,LINE-4-WELD,60.42796037690471,44.09422092634692,1.2311019276946948,12.134813898819601,0,3.1447183868695836
2024-03-02 00:40:00,LINE-1-PRESS,75.06573351201233,64.54583641657351,1.717141348661007,12.32054886418952,0,3.671845244972271
2024-03-02 00:40:00,LINE-2-ROBOT,73.2117268541639,49.994287877645746,1.2989205667605495,11.733254025940735,0,3.7501230655436837
2024-03-02 00:40:00,LINE-3-CONVEYOR,41.434893549305166,58.00222152639605,1.3678348181821378,11.848029206480525,0,2.119071059158706
2024-03-02 00:40:00,LINE-4-WELD,75.60115530830909,61.0071802549771,1.4033544143740944,13.243281626993245,0,3.747521251205653
2024-03-02 00:45:00,LINE-1-PRESS,65.50947628699879,50.16886432536605,1.5606678931350164,12.939657491697828,0,3.566879127143852
2024-03-02 00:45:00,LINE-2-ROBOT,81.5135436617964,56.0416585009138,1.4508624144515816,12.768779441102486,0,3.8622194835569927
2024-03-02 00:45:00,LINE-3-CONVEYOR,55.857569974540496,47.035227374636115,1.2430749760770303,12.80969282104291,0,2.777750291818404
2024-03-02 00:45:00,LINE-4-WELD,65.78307126022739,54.602588810653096,1.660175847942608,12.11366239721341,0,2.9813277712638375
2024-03-02 00:50:00,LINE-1-PRESS,68.4143192337761,50.93654980948818,1.536699664921187,11.205395705520509,0,3.3667430837868317
2024-03-02 00:50:00,LINE-2-ROBOT,70.69921639099628,58.78078921876508,1.3419864498364074,12.487175334469718,0,3.5024398232416383
2024-03-02 00:50:00,LINE-3-CONVEYOR,52.2552908961424,50.862095431556696,1.4665485311474147,12.389644116025119,0,2.778192543527368
2024-03-02 00:50:00,LINE-4-WELD,76.89120445495394,56.210445442731704,1.1879140759831135,13.008029765675776,0,3.9802705135954626
2024-03-02 00:55:00,LINE-1-PRESS,73.24801883136129,56.51439458214745,1.728062046074131,12.860631662506476,0,3.822431153150141
2024-03-02 00:55:00,LINE-2-ROBOT,67.16183476356558,61.41083940973179,1.3098942378559613,12.477010908146992,0,3.5195937157435266
2024-03-02 00:55:00,LINE-3-CONVEYOR,38.127530402322115,55.19074255420411,1.876453966720776,12.796103886791371,0,2.225368502166631
2024-03-02 00:55:00,LINE-4-WELD,57.612379047077766,49.12139995792821,1.55486846504553,12.197276834647095,0,2.780105786701245
2024-03-02 01:00:00,LINE-1-PRESS,75.89720853561676,56.1354524668943,1.3124314322616535,12.585766395954924,0,3.8649410461318547
2024-03-02 01:00:00,LINE-2-ROBOT,43.7771748186689,56.06890215936591,1.1791374388396647,12.201387416276482,0,2.3140540838832986
2024-03-02 01:00:00,LINE-3-CONVEYOR,63.85403795005267,50.09416914291713,1.828873340353265,11.534459973524587,0,3.035120826293147
2024-03-02 01:00:00,LINE-4-WELD,44.670478137335,58.01077719045041,1.238876485617944,12.205918963410456,0,2.313478647662948
2024-03-02 01:05:00,LINE-1-PRESS,61.12603370725691,49.93750039725257,1.536195239006762,12.24030456482824,0,2.905454775251523
2024-03-02 01:05:00,LINE-2-ROBOT,70.98130994292612,54.45147384152238,1.2476965648782157,12.636359639301915,0,3.623930339676603
2024-03-02 01:05:00,LINE-3-CONVEYOR,83.34841349087178,53.94322974796822,1.437903423561416,12.308926804497208,0,3.9681601921699365
2024-03-02 01:05:00,LINE-4-WELD,69.23978271793929,57.5879774680759,1.457673371325464,12.098375124477592,0,3.405222762795987
2024-03-02 01:10:00,LINE-1-PRESS,49.93445669302714,63.465775446335684,1.2297444995089726,12.123262562458015,0,2.579184120908286
2024-03-02 01:10:00,LINE-2-ROBOT,62.47568052521081,48.13369570838853,1.733699595086541,12.70011011963526,0,3.0036276991030473
2024-03-02 01:10:00,LINE-3-CONVEYOR,69.44842721332378,56.21395905547561,1.7251222052419417,12.208625619465554,0,3.6241220800607663
2024-03-02 01:10:00,LINE-4-WELD,56.64745231368984,50.68963011365074,1.6074210992925817,11.948519750138468,0,2.913872220649677
2024-03-02 01:15:00,LINE-1-PRESS,49.287099983328964,53.203220923454175,1.5312598543872433,13.193643133573412,0,2.3441029770326494
2024-03-02 01:15:00,LINE-2-ROBOT,49.74586658502318,58.80395731530454,1.7325637464237473,12.50652462866671,0,2.6502255177203446
2024-03-02 01:15:00,LINE-3-CONVEYOR,71.06866571911316,55.49097668401402,1.3627895124888094,12.149254819245181,1,3.5237657747883566
2024-03-02 01:15:00,LINE-4-WELD,61.27456393186151,61.62147182423264,1.3485837945421983,11.784020361006418,0,2.902263272910227
2024-03-02 01:20:00,LINE-1-PRESS,75.08186923762986,45.01648026198187,1.611088173581882,13.126037510629295,0,3.6995366984953435
2024-03-02 01:20:00,LINE-2-ROBOT,39.13612648943554,57.669805759081534,1.795027421368474,11.647720531324039,0,2.1175646211495254
2024-03-02 01:20:00,LINE-3-CONVEYOR,39.254070085841555,44.691118487784685,1.3972233637532028,13.055868329424229,0,2.1105263577090647
2024-03-02 01:20:00,LINE-4-WELD,74.77722491139372,43.81149823907666,1.4717864946404295,11.102749637800496,0,3.649310771795431
2024-03-02 01:25:00,LINE-1-PRESS,66.01382089895775,51.686914233372036,1.2682634096002312,12.910894711966543,1,3.3550345213170685
2024-03-02 01:25:00,LINE-2-ROBOT,73.66466933267871,56.1498188107691,1.5792149955538897,12.654354391025512,0,3.696441312158051
2024-03-02 01:25:00,LINE-3-CONVEYOR,66.27076805406361,57.10210294709613,1.7350538338612893,12.613594814070431,0,3.0481713129202426
2024-03-02 01:25:00,LINE-4-WELD,78.1523998472196,52.05486882004457,1.5077542660712064,12.919504907650364,0,3.906140513152506
2024-03-02 01:30:00,LINE-1-PRESS,49.89768582266981,59.88715250358169,1.466925091871337,13.39151549629547,0,2.3302175154409617
2024-03-02 01:30:00,LINE-2-ROBOT,66.11956383271354,48.86330451097023,1.6402263399210208,12.70460670461008,0,3.5622000950075914
2024-03-02 01:30:00,LINE-3-CONVEYOR,60.8775456485556,51.123826468329575,1.5339215921859926,12.21222099752523,0,2.98677566246301
2024-03-02 01:30:00,LINE-4-WELD,51.842335682792694,62.067835677710704,1.5376288278541081,12.528633578943642,0,2.6531839524414074
2024-03-02 01:35:00,LINE-1-PRESS,64.82559422159449,43.6263464145468,1.4745742583361825,12.841407719150299,0,3.123852771145005
2024-03-02 01:35:00,LINE-2-ROBOT,60.207347464950686,52.1297865829534,1.7676971406699147,12.904234868611674,0,3.1276704644351425
2024-03-02 01:35:00,LINE-3-CONVEYOR,59.11136545498283,65.11119609200674,1.591323269907378,12.916131318717756,0,3.2125542691628715
2024-03-02 01:35:00,LINE-4-WELD,71.32598410941677,57.77966737802852,1.8973206143382477,12.550137272901276,0,3.60653722033497
2024-03-02 01:40:00,LINE-1-PRESS,61.28505900550485,52.20304537247288,1.583435016452645,11.777280840534724,0,2.9695455347679927
2024-03-02 01:40:00,LINE-2-ROBOT,44.72040851199688,48.890809778767434,1.6861557488649326,12.170464605044248,0,2.0370883225105167
2024-03-02 01:40:00,LINE-3-CONVEYOR,48.79808694806626,54.40848712491889,1.529569710990388,11.85232616456721,0,2.189100439196499
2024-03-02 01:40:00,LINE-4-WELD,50.61345624423685,63.7511684140111,1.2920268988440915,12.201696836642341,0,2.497724791913233
2024-03-02 01:45:00,LINE-1-PRESS,44.94437380558389,52.564285117180525,1.232566444001526,12.216112770179526,0,2.2542802246485327
2024-03-02 01:45:00,LINE-2-ROBOT,58.46272840845608,55.13362167923631,1.4632500092258853,12.847758673734605,0,2.7780480111587793
2024-03-02 01:45:00,LINE-3-CONVEYOR,63.666835857435764,57.389904819211104,1.364247425408079,12.166101372867157,0,3.1248443975285207
2024-03-02 01:45:00,LINE-4-WELD,44.92347534159341,48.144971968594135,1.3774729173784346,12.933364201400355,0,2.063480032256077
2024-03-02 01:50:00,LINE-1-PRESS,58.785080049498646,53.263380629902166,1.8626683651739984,12.514691348506846,0,2.780961772871748
2024-03-02 01:50:00,LINE-2-ROBOT,72.51719139190747,65.30919119250574,1.5285770400604903,12.584921906163999,0,3.664804004675245
2024-03-02 01:50:00,LINE-3-CONVEYOR,41.037568893885,53.934533074584685,1.4467491701007746,12.594065333594154,0,2.0653878222600657
2024-03-02 01:50:00,LINE-4-WELD,78.57746612750194,52.28967191245958,1.6946178830002385,12.921976149585586,0,3.8220670776723575
2024-03-02 01:55:00,LINE-1-PRESS,71.95093176324232,59.04012006405974,1.4920637123426799,12.786835016488045,0,3.36038385206193
2024-03-02 01:55:00,LINE-2-ROBOT,51.119392783792875,49.63840142740521,1.2345744380997172,12.028224590187838,0,2.343955246213233
2024-03-02 01:55:00,LINE-3-CONVEYOR,41.72484862367155,54.94747711188042,1.9436214015348867,13.187369982534989,0,1.994677473402215
2024-03-02 01:55:00,LINE-4-WELD,54.25457082651507,55.487911204642344,1.4317749012379275,11.772793623546498,0,2.821342908975376
2024-03-02 02:00:00,LINE-1-PRESS,59.57645845464014,47.189944423353936,1.4353555982026198,12.854767190359789,0,3.057484920237443
2024-03-02 02:00:00,LINE-2-ROBOT,77.83908433220822,56.94925869767778,1.5987721147671456,11.549982300011042,0,3.6040501153508453
2024-03-02 02:00:00,LINE-3-CONVEYOR,39.309465412959,58.02840445015168,1.7407140092040319,13.309630780762134,0,2.0601447938460593
2024-03-02 02:00:00,LINE-4-WELD,77.67901295875865,56.12223985523506,1.4886279705810161,11.53312672123229,0,3.7302851380689077
2024-03-02 02:05:00,LINE-1-PRESS,65.57586287557471,67.7936571099031,1.5556240016533462,12.621268142501862,0,3.3570178870437455
2024-03-02 02:05:00,LINE-2-ROBOT,75.42773866649392,48.56417813137667,1.4655703358656418,12.390917272334688,0,3.71754710806727
2024-03-02 02:05:00,LINE-3-CONVEYOR,53.457711772181405,55.42818853828088,1.6555785257876345,12.744177047553238,0,2.6276599304653687
2024-03-02 02:05:00,LINE-4-WELD,47.07388986902001,57.551507215869435,1.6893544635001485,12.346729989902942,0,2.165585169783165
2024-03-02 02:10:00,LINE-1-PRESS,69.15210814088626,59.08368587075162,1.6930774661452586,12.109727814804351,0,3.7258731916218495
2024-03-02 02:10:00,LINE-2-ROBOT,60.91121445356995,57.169417800252276,1.6272430176168706,11.577052935963822,0,3.0052116090760217
2024-03-02 02:10:00,LINE-3-CONVEYOR,73.69541862904062,57.28019323449368,1.4368116661676396,12.80479284070633,0,3.623026623732304
2024-03-02 02:10:00,LINE-4-WELD,85.2669641951616,52.84266668568293,1.5638233825293621,12.665556211225221,0,3.944404745418551
2024-03-02 02:15:00,LINE-1-PRESS,69.18791357687432,51.526337061638,1.4559414199963825,12.10809830337331,0,3.2282880314455014
2024-03-02 02:15:00,LINE-2-ROBOT,62.750793260888784,54.834766535208175,1.2319234424636534,12.097305339554108,0,3.102349501677772
2024-03-02 02:15:00,LINE-3-CONVEYOR,45.36615644890687,54.495106416553085,1.4580083127795334,11.985717425775675,0,2.383375858841789
2024-03-02 02:15:00,LINE-4-WELD,67.95342953846371,60.014284873874935,1.0741642056590526,12.907718250639418,1,3.6622959260745787
2024-03-02 02:20:00,LINE-1-PRESS,56.293026241458506,51.40383342726456,1.6668904235230935,13.362354677864912,0,2.767272747602613
2024-03-02 02:20:00,LINE-2-ROBOT,53.87220469004576,57.702580175228285,1.193993454154473,11.77748607146167,0,2.518537390349038
2024-03-02 02:20:00,LINE-3-CONVEYOR,65.42846164602648,54.32065494551646,1.6600101341047326,12.060601118782085,0,3.3694307753255264
2024-03-02 02:20:00,LINE-4-WELD,83.35158528690754,53.52214396738436,1.6705759959040387,12.527247788577322,0,3.905684763959994
2024-03-02 02:25:00,LINE-1-PRESS,69.81445419654906,48.68583135107768,1.3429380609299975,13.844803029798731,0,3.1705006020093696
2024-03-02 02:25:00,LINE-2-ROBOT,50.36747911570376,58.73137252840894,1.2337772310515864,12.504415632583939,0,2.6738829951455125
2024-03-02 02:25:00,LINE-3-CONVEYOR,81.90761113459071,50.690926435117866,1.5082493012097558,12.800324542814266,0,3.9482519279077755
2024-03-02 02:25:00,LINE-4-WELD,42.50350935137803,44.90498952038582,1.4784954238260772,11.956958438028087,0,2.4089036081375577
2024-03-02 02:30:00,LINE-1-PRESS,73.79811977128972,52.78825974440547,1.3747097951278917,12.095652342297283,0,3.900960237479379
2024-03-02 02:30:00,LINE-2-ROBOT,67.26652639847401,57.30275547317156,1.29835290150279,12.351462743374979,0,3.4969044473356035
2024-03-02 02:30:00,LINE-3-CONVEYOR,68.38576294483478,51.75460343727843,1.7432297881960035,11.942794299053743,0,3.479695341720428
2024-03-02 02:30:00,LINE-4-WELD,73.32735594185664,51.50027332458024,1.4797314540329918,11.75546885888732,0,3.6268359903124816
2024-03-02 02:35:00,LINE-1-PRESS,80.84086388662733,51.298384554440766,1.894367585016732,12.246760689140473,0,4.015432326356566
2024-03-02 02:35:00,LINE-2-ROBOT,66.94584402754367,58.44077568800163,1.5862723171487398,12.385581911747776,0,3.7260276290606016
2024-03-02 02:35:00,LINE-3-CONVEYOR,46.871007558826626,53.197910713286966,1.518240096355655,11.944034029256235,0,2.3820246650428594
2024-03-02 02:35:00,LINE-4-WELD,48.015496010432436,53.46712888649706,1.6171243971797862,11.607369098887174,0,2.0960560665290777
2024-03-02 02:40:00,LINE-1-PRESS,52.50372764738525,53.70294150762112,1.5021388290668471,11.898444401429993,1,3.1678584277287203
2024-03-02 02:40:00,LINE-2-ROBOT,49.125203337961324,52.698478077187346,1.6216867768587218,13.22144584625731,0,2.379298190875453
2024-03-02 02:40:00,LINE-3-CONVEYOR,60.71481723715783,60.08367153619586,1.12855629847442,12.905193019685662,0,2.8200599006172573
2024-03-02 02:40:00,LINE-4-WELD,37.76934419704933,56.86251544936917,1.4374788937640162,12.882939831206565,1,2.088235616159154
2024-03-02 02:45:00,LINE-1-PRESS,72.05159657283764,62.16906566636981,0.9460232763030865,12.071897723901913,0,3.5101570599247305
2024-03-02 02:45:00,LINE-2-ROBOT,48.891528639540915,52.633370952935046,1.4992778785024676,12.23735765859428,0,2.485813630806933
2024-03-02 02:45:00,LINE-3-CONVEYOR,55.10839955936154,61.85871911236836,1.4884934172218696,12.06424316518256,0,2.8214501489977244
2024-03-02 02:45:00,LINE-4-WELD,51.39175818504364,57.979397419983506,1.8986465939009354,12.695125731830284,0,2.707868606198946
2024-03-02 02:50:00,LINE-1-PRESS,76.27294986450889,49.18002147834995,1.5127030353530004,11.741724954131223,0,3.860459287109393
2024-03-02 02:50:00,LINE-2-ROBOT,68.01343537323541,61.41459367103432,1.6893504204014735,12.634616445046062,0,3.455462111799576
2024-03-02 02:50:00,LINE-3-CONVEYOR,60.06125180350199,51.96409537221148,1.7153381462240889,11.960061218336588,0,3.13083573214791
2024-03-02 02:50:00,LINE-4-WELD,63.97316512685155,62.02845811403139,1.5432313609202546,12.612129103066662,0,3.2812357531422225
2024-03-02 02:55:00,LINE-1-PRESS,47.320118174423136,49.26092516140279,1.5124269160083044,13.054593787867518,0,2.158708182420647
2024-03-02 02:55:00,LINE-2-ROBOT,51.50175361379105,44.01943847103549,1.0671561118313457,13.16633085092024,0,2.6636986731712873
2024-03-02 02:55:00,LINE-3-CONVEYOR,74.24369788491575,64.29566279230471,1.7369967980981842,12.25741734415189,0,3.654410755975558
2024-03-02 02:55:00,LINE-4-WELD,56.28324525312752,55.698250232402465,1.4076982943207588,11.728456815070857,0,2.4520669728337516
2024-03-02 03:00:00,LINE-1-PRESS,53.91516144058919,55.36975651839442,1.4700735525947537,12.02497458697881,0,2.640726288881506
2024-03-02 03:00:00,LINE-2-ROBOT,53.36464479568388,65.53658949891008,1.1910773806278314,12.458997009685989,0,2.7754366096335366
2024-03-02 03:00:00,LINE-3-CONVEYOR,51.13626766299654,57.501688914097365,1.92071134403639,12.626681695247717,0,2.5563545670990857
2024-03-02 03:00:00,LINE-4-WELD,44.74082976645259,60.46491235552994,1.559711208729135,12.824619577785247,0,2.2704432876816476
2024-03-02 03:05:00,LINE-1-PRESS,56.039262388695555,43.432390047201125,1.6030405027207806,12.576329743757901,0,2.868682874678493
2024-03-02 03:05:00,LINE-2-ROBOT,60.380937387228386,54.72005705415879,1.2702735977939743,12.781275930953672,0,3.0104941118803343
2024-03-02 03:05:00,LINE-3-CONVEYOR,70.89698505560814,59.41721200505233,1.1703446502259855,13.18223792582325,0,3.7019860392625406
2024-03-02 03:05:00,LINE-4-WELD,74.22229079429229,56.00513448108064,1.5742371861234852,12.32856614664916,0,3.490529869212504
2024-03-02 03:10:00,LINE-1-PRESS,69.80123626263544,49.66288404511779,1.438106029628732,11.453987063752498,0,3.3836542561462615
2024-03-02 03:10:00,LINE-2-ROBOT,46.20450321718995,53.8610036316842,1.9847837131310206,13.000003518918492,0,2.1958422306540104
2024-03-02 03:10:00,LINE-3-CONVEYOR,66.97781108641476,50.3189340547037,1.4424395416103293,12.51920404218426,0,3.2332229105534283
2024-03-02 03:10:00,LINE-4-WELD,74.48225050178831,58.04367179697207,1.4208981819894742,12.0180905338662,1,3.8517098803729155
2024-03-02 03:15:00,LINE-1-PRESS,77.75190544204224,51.89746394902674,1.4784401729292713,12.885860238990796,0,3.8755762178264748
2024-03-02 03:15:00,LINE-2-ROBOT,52.31011571996092,51.092009906720726,2.3711980883674464,11.865671286275173,0,2.656432129249538
2024-03-02 03:15:00,LINE-3-CONVEYOR,70.56073160085013,48.488663155142476,1.8999347584203723,12.427979746637666,0,3.2854484124795014
2024-03-02 03:15:00,LINE-4-WELD,52.003061278366886,55.008012301240186,1.4769119360239173,12.006533748343186,0,2.3998307194152146
2024-03-02 03:20:00,LINE-1-PRESS,80.63846127805657,66.81308778893437,1.2565912599940114,12.322327336167318,0,3.94074016328804
2024-03-02 03:20:00,LINE-2-ROBOT,62.53027397812598,49.012008711225434,1.89976556353078,12.324195566659673,0,3.161423237385282
2024-03-02 03:20:00,LINE-3-CONVEYOR,63.21343168141936,53.44682697914176,1.7837270624127908,12.973717818277038,0,3.306541387278845
2024-03-02 03:20:00,LINE-4-WELD,64.02864177480603,55.91048548093284,1.509410589564575,12.74012166707836,0,3.3349968797172567
2024-03-02 03:25:00,LINE-1-PRESS,75.06666360774851,56.83381731505161,1.3583259296703476,13.084598514166528,0,3.642931198106805
2024-03-02 03:25:00,LINE-2-ROBOT,48.72912890062648,47.01739238269254,1.7097842561085272,13.4134221604255,0,2.410712555409654
2024-03-02 03:25:00,LINE-3-CONVEYOR,49.221152651894656,52.96882937553517,1.3344298685005591,12.395039502568123,0,2.8702234379915152
2024-03-02 03:25:00,LINE-4-WELD,72.92396190693611,48.26112009184703,1.646613374890362,12.370309719325771,0,3.849779110246186
2024-03-02 03:30:00,LINE-1-PRESS,62.08318467249478,58.03271918006446,2.21199720600789,12.868398358018187,0,3.139500905410356
2024-03-02 03:30:00,LINE-2-ROBOT,76.40285261326085,59.1199632566684,1.5108030882309513,12.82806412465381,0,3.9796656981574188
2024-03-02 03:30:00,LINE-3-CONVEYOR,51.740976095459594,58.53325491769858,1.322632906127381,13.02057802001504,0,2.645071043978766
2024-03-02 03:30:00,LINE-4-WELD,61.74869909571831,47.98493330219267,1.6806828594064818,12.070040966944214,0,3.161213196230152
2024-03-02 03:35:00,LINE-1-PRESS,72.35539559178314,59.56320329802989,2.4517009063440596,13.095528547598478,0,3.7269608652677726
2024-03-02 03:35:00,LINE-2-ROBOT,41.482895011846246,48.712440206725496,1.214449971403483,12.617593311145706,0,1.9949793367335256
2024-03-02 03:35:00,LINE-3-CONVEYOR,51.288371421755706,51.5508262991138,1.6857631560252275,12.102136898645579,0,2.705532481161451
2024-03-02 03:35:00,LINE-4-WELD,61.11933967376503,57.80183099407967,1.5546324681080486,11.960750831446497,0,3.0454126815894433
2024-03-02 03:40:00,LINE-1-PRESS,39.881828329245806,59.577928082918035,1.4138363691911902,12.362240458852918,0,2.0962052231528276
2024-03-02 03:40:00,LINE-2-ROBOT,40.17308525015252,53.02655808114577,1.9083077568633888,12.606245608466992,0,2.2871615580158093
2024-03-02 03:40:00,LINE-3-CONVEYOR,74.45404326548396,47.182230355926684,1.7491650588034509,12.466826694571228,0,3.513923719866537
2024-03-02 03:40:00,LINE-4-WELD,60.102752692083335,61.00308733154946,1.4848569868443422,13.462936350284222,0,2.9194337147897955
2024-03-02 03:45:00,LINE-1-PRESS,70.8903290840307,47.64079889731272,1.348271964395883,12.31753419275655,0,3.7082619479754313
2024-03-02 03:45:00,LINE-2-ROBOT,70.1930806854844,43.438372535126064,1.4229377469141156,12.07853559932613,0,3.5289143794350464
2024-03-02 03:45:00,LINE-3-CONVEYOR,71.20355657193032,51.03450106367663,1.806498794291803,12.797938717824442,0,3.764639159957047
2024-03-02 03:45:00,LINE-4-WELD,45.720709587508,52.149944721953204,1.3720570185625856,11.927463020820488,0,2.299850724017458
2024-03-02 03:50:00,LINE-1-PRESS,77.00958233665582,56.94850445195267,1.5916583733733416,12.917384809364052,0,3.7889638914094226
2024-03-02 03:50:00,LINE-2-ROBOT,60.033094749473776,50.852290229728005,1.6674772176841626,11.45208452185357,1,2.8853661839870677
2024-03-02 03:50:00,LINE-3-CONVEYOR,40.3382980492807,46.16934417057353,1.5983088518189885,12.768891853450558,0,2.3072293757961386
2024-03-02 03:50:00,LINE-4-WELD,63.284417066360476,53.076861917864825,1.6505444406974237,12.632309503364246,0,3.385852462422803
2024-03-02 03:55:00,LINE-1-PRESS,74.3049535814852,51.36676580350327,1.403833354027916,12.896352565869504,0,3.5037145439016553
2024-03-02 03:55:00,LINE-2-ROBOT,46.500033732736505,61.23395137862742,1.790914227347333,12.919700197989973,0,2.2481331862514677
2024-03-02 03:55:00,LINE-3-CONVEYOR,57.0528334951756,53.99903278240077,1.4328589722600973,11.71684518198258,0,2.9555935165453833
2024-03-02 03:55:00,LINE-4-WELD,67.43933793983648,68.82410930927098,1.5889884284131397,13.145601305324721,0,3.3836669478533605
2024-03-02 04:00:00,LINE-1-PRESS,67.54730314565239,63.31440872410275,1.3295544798578907,12.660783968817194,0,3.399491784598679
2024-03-02 04:00:00,LINE-2-ROBOT,71.34639255719866,54.45321247616085,2.027473508213998,12.56554427359362,0,3.387918947017699
2024-03-02 04:00:00,LINE-3-CONVEYOR,59.278587320401506,54.503787946365144,1.2778058736895799,12.154666275209316,0,2.9916509634306374
2024-03-02 04:00:00,LINE-4-WELD,57.81806519895557,60.36411843665067,1.5509299794707698,13.731109372521232,0,2.970173600018643
2024-03-02 04:05:00,LINE-1-PRESS,77.09487817038917,54.370739982554504,1.8577166037574715,11.868118878437935,0,3.6659494747617885
2024-03-02 04:05:00,LINE-2-ROBOT,70.31498132005059,56.158349862652145,1.7237230585726357,12.73825733161359,0,3.496755641002902
2024-03-02 04:05:00,LINE-3-CONVEYOR,79.28566763345397,51.46964631058837,1.5860110281345712,13.071763710028506,0,3.908487112947879
2024-03-02 04:05:00,LINE-4-WELD,70.16270814353356,53.98741435549055,1.6322898477291454,11.872118131633353,0,3.480434174808238
2024-03-02 04:10:00,LINE-1-PRESS,55.36931861977899,56.58699441240156,1.1049530647131633,12.829103989025832,0,2.962664885804158
2024-03-02 04:10:00,LINE-2-ROBOT,41.16062197780842,50.481329242422404,1.4500963898941202,12.29747015265509,0,2.114190920781585
2024-03-02 04:10:00,LINE-3-CONVEYOR,74.06362718137235,48.840263222452414,1.4566305029866455,12.937263690706182,0,3.570168548928904
2024-03-02 04:10:00,LINE-4-WELD,76.55641046863803,58.56342123745188,2.4699828672589836,13.242101360876811,0,3.8413468853655997
2024-03-02 04:15:00,LINE-1-PRESS,70.5031969277969,62.15194860693823,1.4286347743564245,12.365142181862554,0,3.5354378742208565
2024-03-02 04:15:00,LINE-2-ROBOT,61.25075858372148,58.55744413530213,1.6963311269237646,11.706403099306314,0,2.8389595276493202
2024-03-02 04:15:00,LINE-3-CONVEYOR,82.84540658386065,57.18617271932586,1.3748381137252805,12.302291754148925,0,4.017915243949242
2024-03-02 04:15:00,LINE-4-WELD,39.23607248006974,56.18269039103508,1.3593838848119848,12.835208976385967,0,2.1301221125086065
2024-03-02 04:20:00,LINE-1-PRESS,46.474945690734444,63.67811817823707,1.688070923923041,13.479140739592788,0,2.3173951222119284
2024-03-02 04:20:00,LINE-2-ROBOT,43.68169939380462,58.547495617291126,1.9414164130927347,12.717528143880703,0,2.2060625406374985
2024-03-02 04:20:00,LINE-3-CONVEYOR,53.44829374006255,47.469301158836345,1.3008523777745986,12.287181244825092,0,2.6552203104176657
2024-03-02 04:20:00,LINE-4-WELD,45.12322077351297,51.41355401839882,1.4034470870793754,12.052650779113023,0,2.371795014863252
2024-03-02 04:25:00,LINE-1-PRESS,59.02273078095813,58.38662506960885,1.6480674544589786,12.733294408501079,0,2.6675445143553183
2024-03-02 04:25:00,LINE-2-ROBOT,45.743556881131255,54.84352595070835,1.6830271807170634,12.187024188862011,0,2.1101250717807654
2024-03-02 04:25:00,LINE-3-CONVEYOR,74.17212974070718,57.47556089585435,1.72474337236835,12.335651596347795,0,3.902827520470198
2024-03-02 04:25:00,LINE-4-WELD,44.501507865529916,55.22685804480369,1.6298170206186906,12.376960132086744,0,2.527330622632282
2024-03-02 04:30:00,LINE-1-PRESS,45.76861078679721,46.883659057697955,1.6506826882342958,12.800994902832482,0,2.291256142970467
2024-03-02 04:30:00,LINE-2-ROBOT,65.49567950848258,59.217054269262995,1.1631250414380885,12.766880091538347,0,3.239694663072608
2024-03-02 04:30:00,LINE-3-CONVEYOR,65.01561651886995,57.086272359329904,1.370972855775286,12.451052366831028,0,3.2530189500126037
2024-03-02 04:30:00,LINE-4-WELD,52.9372864921614,56.54018970699825,1.335020780398671,13.745219934939998,0,2.5305453835092986
2024-03-02 04:35:00,LINE-1-PRESS,54.37753694759055,62.335460715709075,1.386406308536386,12.762319060082493,1,2.963045428753157
2024-03-02 04:35:00,LINE-2-ROBOT,44.782638953248124,56.93258967716226,1.6082822221675839,11.79675987899755,0,2.0302221595887437
2024-03-02 04:35:00,LINE-3-CONVEYOR,79.85646646095405,57.67583227250671,1.342380070799487,13.244058468284669,0,3.940334288968605
2024-03-02 04:35:00,LINE-4-WELD,77.07432954270564,51.97256507391532,1.7756555831671874,12.995661541248186,0,3.76056499715801
2024-03-02 04:40:00,LINE-1-PRESS,56.601237712023895,59.40614775860067,1.4874925115642557,12.592581469867007,0,2.987346678180395
2024-03-02 04:40:00,LINE-2-ROBOT,53.67711916592626,60.35411107541881,1.5016916495600925,12.787779466654813,0,2.2896138098621246
2024-03-02 04:40:00,LINE-3-CONVEYOR,46.94351267711677,54.08633628119115,1.6117547684323803,12.92408687527215,0,2.5214412189268938
2024-03-02 04:40:00,LINE-4-WELD,66.01320300563312,55.59782957810016,1.3283604363838202,12.645623562682841,0,3.3737797848257425
2024-03-02 04:45:00,LINE-1-PRESS,74.88003682325439,58.80750111086971,1.837555957366065,12.444425300913787,0,3.680144196228989
2024-03-02 04:45:00,LINE-2-ROBOT,73.46404383373562,51.385826880023814,1.9617309033453576,12.444879509281726,0,3.6252644591828758
2024-03-02 04:45:00,LINE-3-CONVEYOR,75.96114900214067,54.796992823887706,1.552604664313118,12.478853563743678,0,3.7785623696858646
2024-03-02 04:45:00,LINE-4-WELD,74.07900404013988,57.66567201854203,1.598945952894466,12.401196724092433,0,3.5331014297808596
2024-03-02 04:50:00,LINE-1-PRESS,55.322035542459474,65.92227947062877,1.2764709234771872,12.682916646332158,0,2.7317096510450773
2024-03-02 04:50:00,LINE-2-ROBOT,68.6386710817546,47.573221029607396,1.2434815999403237,11.811496851130636,0,3.5347643079332562
2024-03-02 04:50:00,LINE-3-CONVEYOR,71.16096972355287,62.16608793564541,1.5156375854572892,13.752895157428046,1,3.4044559952979263
2024-03-02 04:50:00,LINE-4-WELD,70.1211198561605,58.817148037883,1.6626694869893595,12.89761152342255,0,3.6518883172021908
2024-03-02 04:55:00,LINE-1-PRESS,69.91815448273871,50.17602494866216,1.3375762425285849,12.820656038476445,0,3.6298897348581174
2024-03-02 04:55:00,LINE-2-ROBOT,57.184134590350055,54.70983996792402,1.4498364976479219,13.018385393520502,0,2.7229672114754657
2024-03-02 04:55:00,LINE-3-CONVEYOR,75.63908082805476,58.76515079962331,1.6415089487082584,13.840536063689951,0,3.957080715019384
2024-03-02 04:55:00,LINE-4-WELD,69.94859913086515,58.97911018519026,1.7347242963127347,12.571566618812259,0,3.672078808662857
2024-03-02 05:00:00,LINE-1-PRESS,43.68059549961772,60.66040005326215,1.3277620293171344,12.391357552943287,0,2.330185806476456
2024-03-02 05:00:00,LINE-2-ROBOT,58.05342139660454,64.60698378148484,1.5566845029098517,13.063465958330038,0,2.94077256644147
2024-03-02 05:00:00,LINE-3-CONVEYOR,59.47364126123626,60.59882674126149,1.4921680102658461,13.114784868839847,0,2.791547880330974
2024-03-02 05:00:00,LINE-4-WELD,47.567536061621674,55.218377077090864,1.7790150725576732,13.235926289341256,0,2.0887531183172015
2024-03-02 05:05:00,LINE-1-PRESS,63.277483358376315,47.03599285729174,1.520487943145831,11.9700239168614,0,3.4004626757308514
2024-03-02 05:05:00,LINE-2-ROBOT,47.874029441054624,57.14880605003652,1.2087574022661354,11.767579093774728,0,2.125778998965958
2024-03-02 05:05:00,LINE-3-CONVEYOR,73.63375568863503,48.82451877651841,1.538622263761642,12.25369439331862,0,3.633622933644268
2024-03-02 05:05:00,LINE-4-WELD,60.60300583065775,57.98790512715569,1.3181648404269515,13.00297564528709,0,2.958808609183599
2024-03-02 05:10:00,LINE-1-PRESS,43.37788699292551,55.96080916964362,1.7275713231233027,12.371894788185461,0,2.2442330690112358
2024-03-02 05:10:00,LINE-2-ROBOT,39.25118103463785,58.45127780638837,1.3859975135345741,13.961401654619015,0,2.072195110466458
2024-03-02 05:10:00,LINE-3-CONVEYOR,83.86461187070623,57.46494342351549,1.4593078777914192,12.715387888854476,0,3.845405235283536
2024-03-02 05:10:00,LINE-4-WELD,56.52376879259352,58.22315163881955,1.400190930788257,13.036087083894971,0,2.9480553721511127
2024-03-02 05:15:00,LINE-1-PRESS,51.2177921025765,48.23576374760021,1.886126675533761,12.73150742397984,0,2.6255214642889486
2024-03-02 05:15:00,LINE-2-ROBOT,59.25832894466161,49.100230359417395,1.6234150470232032,12.707249609047894,0,2.6649091541457968
2024-03-02 05:15:00,LINE-3-CONVEYOR,72.81721770558838,59.68086033405694,1.6037230343192153,12.112171454017323,0,3.4716118634804163
2024-03-02 05:15:00,LINE-4-WELD,46.27933601050795,52.54531626181064,1.2400805895643559,13.480547894229506,0,2.3567104612528897
2024-03-02 05:20:00,LINE-1-PRESS,46.6227155009106,55.83580325243423,1.4129717858672104,12.934704928883027,0,2.1110045383349365
2024-03-02 05:20:00,LINE-2-ROBOT,65.14771972390811,67.52655981839207,1.698045398412331,13.405828593267975,0,3.2635013269544686
2024-03-02 05:20:00,LINE-3-CONVEYOR,55.25997432741288,63.22512611828225,1.7466896307872302,13.795973523869044,1,2.6522068892736024
2024-03-02 05:20:00,LINE-4-WELD,67.18398023915888,62.528527974064794,1.5668694841893671,12.324629479828076,0,3.4007649291555366
2024-03-02 05:25:00,LINE-1-PRESS,62.55397211039282,48.8339595657328,1.4685792273181948,12.29644569630582,0,3.214174022931514
2024-03-02 05:25:00,LINE-2-ROBOT,80.073439825562,48.66175384392583,1.230561537643975,12.426353307024451,0,3.939469954586381
2024-03-02 05:25:00,LINE-3-CONVEYOR,70.42351648297006,56.29878193468729,1.6747321019398824,12.953238050088338,0,3.3399847347177984
2024-03-02 05:25:00,LINE-4-WELD,55.85453583752658,57.2005324605666,1.5656448418667521,11.732346848919397,0,3.0853440361716764
2024-03-02 05:30:00,LINE-1-PRESS,73.1961456916239,49.625145231956466,1.4566052822532292,12.89528028032467,0,3.7440516212218795
2024-03-02 05:30:00,LINE-2-ROBOT,78.97160032874942,55.93365204850314,1.3294041424015692,12.729860351021385,0,3.9967605195046376
2024-03-02 05:30:00,LINE-3-CONVEYOR,52.68839413229125,60.07653141312409,1.3470156188385145,12.614742457767106,0,2.812046594953677
2024-03-02 05:30:00,LINE-4-WELD,51.17614626421196,58.28679988886219,1.419184947199612,13.005924620631475,0,2.5710834264634785
2024-03-02 05:35:00,LINE-1-PRESS,47.619337597177875,52.62707763192565,1.531916426022724,12.556168868113254,0,2.3693057031622953
2024-03-02 05:35:00,LINE-2-ROBOT,78.76084195583532,64.97384754565155,1.6232380258425443,12.695341187511245,0,3.9302568333001027
2024-03-02 05:35:00,LINE-3-CONVEYOR,36.18905569916068,53.37222068693612,1.4105619129185971,13.585691530067615,1,2.158210497080037
2024-03-02 05:35:00,LINE-4-WELD,45.29916752912473,50.290101701234946,1.6917149707076264,12.200560579678847,0,2.1784425331762844
2024-03-02 05:40:00,LINE-1-PRESS,61.58525397822338,49.87268712478406,1.3183889148845571,12.645901852065695,1,3.0961390018914403
2024-03-02 05:40:00,LINE-2-ROBOT,60.93737233446527,56.823776475958155,1.5835914073927493,12.124713945144949,0,3.0144586471061094
2024-03-02 05:40:00,LINE-3-CONVEYOR,68.07275630701102,63.623238547952496,1.420053201922221,12.553799226636484,0,3.5001014364718723
2024-03-02 05:40:00,LINE-4-WELD,77.81131666086968,50.20307579249401,1.9529391857196106,12.4746041610022,1,3.9746706458508902
2024-03-02 05:45:00,LINE-1-PRESS,65.20332672491331,52.497471698980206,1.237299610134147,12.14899316917012,0,3.353822631615676
2024-03-02 05:45:00,LINE-2-ROBOT,53.58505690162838,59.73891829261921,1.724793710873539,12.577137402098849,0,2.98053427272309
2024-03-02 05:45:00,LINE-3-CONVEYOR,56.977166916546096,59.31537199844502,1.5448174024457721,13.176200025690877,0,2.743122825526861
2024-03-02 05:45:00,LINE-4-WELD,70.29225782546075,55.48500287727138,1.725970272200692,12.344020895062865,0,3.5810384728805063
2024-03-02 05:50:00,LINE-1-PRESS,58.78988471650682,56.42598976246889,1.6040219191249654,12.223019464882857,0,2.8046078053613734
2024-03-02 05:50:00,LINE-2-ROBOT,67.46837991292834,51.85720183020539,1.5922361331109518,11.99678923084911,0,3.3328720116038966
2024-03-02 05:50:00,LINE-3-CONVEYOR,54.36060835164786,63.146415178108995,1.7266903457632918,12.967890031784066,0,2.631420428905499
2024-03-02 05:50:00,LINE-4-WELD,75.8143494930772,51.243828402634854,1.8191444967181236,11.74897403836553,0,4.001303031849936
2024-03-02 05:55:00,LINE-1-PRESS,78.45263631972696,59.73200158724838,1.5175101291380424,12.353219243517135,0,3.897835842895999
2024-03-02 05:55:00,LINE-2-ROBOT,46.826496323749666,57.845657845095104,1.891395462649691,12.868945175608328,0,2.679191157235658
2024-03-02 05:55:00,LINE-3-CONVEYOR,67.39269050045678,48.58895218528239,1.5600077238118335,12.45009518340319,0,3.2688050097721244
2024-03-02 05:55:00,LINE-4-WELD,72.23243152845218,56.58220812439615,1.2846797003492842,11.649342463259918,0,3.490498825724591
2024-03-02 06:00:00,LINE-1-PRESS,63.217682961984025,57.163554509244456,1.357261305629864,12.017980037674587,0,3.451699846479395
2024-03-02 06:00:00,LINE-2-ROBOT,52.919575773614,54.70937522482256,1.5080535182488422,12.534211771147143,0,2.8064644615638796
2024-03-02 06:00:00,LINE-3-CONVEYOR,57.19758353172712,60.90612918193575,1.5164973678505793,12.647791383388695,0,3.094466360794045
2024-03-02 06:00:00,LINE-4-WELD,64.6702441879617,67.55712008437501,1.5335764569650785,13.182992137564842,0,3.2770330248541772
2024-03-02 06:05:00,LINE-1-PRESS,70.75012197152004,58.05763974491033,1.4802937769824247,12.26932558635433,0,3.511087949242729
2024-03-02 06:05:00,LINE-2-ROBOT,71.12079316508273,49.85180278425872,1.5672308579921295,12.343404153979673,0,3.8596719151595376
2024-03-02 06:05:00,LINE-3-CONVEYOR,75.94531770920676,52.737277788883006,1.2611879039950706,13.397917404689638,0,3.7357224299223843
2024-03-02 06:05:00,LINE-4-WELD,58.77752041247085,53.3087444815819,1.4281207305967787,13.26240587906003,0,2.9240998086369934
2024-03-02 06:10:00,LINE-1-PRESS,67.79866741000357,65.43248291736623,1.576029525016196,12.823316728099213,0,3.556256499030674
2024-03-02 06:10:00,LINE-2-ROBOT,64.24173111168011,56.97854421634303,1.764244156638438,12.510304353392726,0,3.0357229124287253
2024-03-02 06:10:00,LINE-3-CONVEYOR,74.63302892409475,55.70225243666621,1.5560863803151685,12.860218991542407,0,3.7706112686936883
2024-03-02 06:10:00,LINE-4-WELD,44.4548971342708,63.31297380451682,1.3764459744939654,13.178991389225914,0,2.527759457326202
2024-03-02 06:15:00,LINE-1-PRESS,74.21667529549079,54.595528129902256,1.3645716361739662,12.000833347503125,0,3.8861231553500675
2024-03-02 06:15:00,LINE-2-ROBOT,47.86711703949359,42.25311614799685,1.28340360535905,12.195004819409405,1,2.6205369712011377
2024-03-02 06:15:00,LINE-3-CONVEYOR,62.008799148361575,56.51727542094768,1.3029668023184189,12.274136444776902,0,3.0484805448175125
2024-03-02 06:15:00,LINE-4-WELD,69.0074437570836,47.5989798647965,1.6423087357847554,12.03795841501409,0,3.308737482725649
2024-03-02 06:20:00,LINE-1-PRESS,77.06278539974916,55.473490735247985,1.2654580490272251,12.623584278206831,0,3.7321529653464367
2024-03-02 06:20:00,LINE-2-ROBOT,65.07036300310477,51.69953466017995,1.3471702886157364,11.660669223906371,0,3.0543519165939204
2024-03-02 06:20:00,LINE-3-CONVEYOR,65.4083904089989,53.060162668030095,1.787614637352111,11.875631091968097,0,3.4504714591440946
2024-03-02 06:20:00,LINE-4-WELD,39.91450811941509,57.79818123152232,1.4906364826279428,11.79717694903818,0,2.015158563786811
2024-03-02 06:25:00,LINE-1-PRESS,43.872643882048756,46.00642544645119,1.465385028333645,12.48017236023419,0,2.146720520454141
2024-03-02 06:25:00,LINE-2-ROBOT,55.44925537392003,53.39983655727083,1.4349745501111304,12.491865168365102,0,2.5904151183011797
2024-03-02 06:25:00,LINE-3-CONVEYOR,79.40922321222418,62.654070132978134,1.7111476687239067,11.82903471408625,0,3.9603959330044867
2024-03-02 06:25:00,LINE-4-WELD,64.66680718021811,51.51207568121898,1.637175333350728,13.028993340364753,0,3.300810280130807
2024-03-02 06:30:00,LINE-1-PRESS,57.20875745707568,51.94571485303981,1.3977409720720837,12.937541775729338,0,2.912427801259047
2024-03-02 06:30:00,LINE-2-ROBOT,48.958062064685755,54.26877209691322,1.4425744740169062,12.277822033079401,0,2.5058436333916387
2024-03-02 06:30:00,LINE-3-CONVEYOR,69.68626020785547,51.77673638823957,1.3717657583277265,12.88267208595725,0,3.4582803369435515
2024-03-02 06:30:00,LINE-4-WELD,69.32734027327908,52.07105891596349,0.9532960793903767,13.288122032484946,0,3.495714572535589
2024-03-02 06:35:00,LINE-1-PRESS,78.0991512439051,57.65607994920499,1.176644649227148,13.556846360601002,0,3.832436580041739
2024-03-02 06:35:00,LINE-2-ROBOT,62.470956085879614,58.70531643022505,1.4298256041269346,12.272585021897838,0,3.045766128882339
2024-03-02 06:35:00,LINE-3-CONVEYOR,75.86369823375043,51.59127481732187,1.6664251226680749,13.315661709780578,0,4.012165887714528
2024-03-02 06:35:00,LINE-4-WELD,51.04183017586972,54.878595300808996,1.2869201338794773,11.93420356693914,0,2.469752685927328
2024-03-02 06:40:00,LINE-1-PRESS,43.95752121363301,53.99755416455613,1.4467003861939634,12.910314923603996,0,2.1023403030878804
2024-03-02 06:40:00,LINE-2-ROBOT,68.68596070686151,53.533239064802544,1.5219280388314667,11.81763350830132,0,3.54658007058781
2024-03-02 06:40:00,LINE-3-CONVEYOR,80.14667528165135,49.84075577887616,1.1341506675936708,13.15475315216639,0,3.7997779853102585
2024-03-02 06:40:00,LINE-4-WELD,64.6061378350765,52.421529314956736,1.4764804116579384,12.703775930089153,0,3.223688047532502
2024-03-02 06:45:00,LINE-1-PRESS,47.35156722449081,46.316243362449896,1.385452483418405,12.971789678369332,0,2.431807113291353
2024-03-02 06:45:00,LINE-2-ROBOT,58.707562377697016,45.01526869914166,1.555711997634761,12.382567403639944,0,3.2499381831584193
2024-03-02 06:45:00,LINE-3-CONVEYOR,48.954175703811046,58.615099909329025,1.4900151492301579,12.638099643096204,0,2.363910259674005
2024-03-02 06:45:00,LINE-4-WELD,48.60964616517928,49.19958461178199,1.0728351165977277,12.575653270004867,0,2.204062885433058
2024-03-02 06:50:00,LINE-1-PRESS,58.526969418440345,57.7361879816922,1.6546239946184496,12.504652248692699,0,2.8331997610203
2024-03-02 06:50:00,LINE-2-ROBOT,82.43695187166938,53.97988972948792,1.7499537390513582,12.43338491759512,0,3.9689830860604722
2024-03-02 06:50:00,LINE-3-CONVEYOR,66.14546120379167,58.57493883164437,1.6256426923223426,12.207699756170598,0,3.147720829955763
2024-03-02 06:50:00,LINE-4-WELD,54.60317122172141,53.08836018362879,1.6690409424623578,12.962152133412063,0,2.378439138460486
2024-03-02 06:55:00,LINE-1-PRESS,74.8718599382847,51.01377068009896,1.3360072800197795,13.026374123939316,0,3.8942175341337117
2024-03-02 06:55:00,LINE-2-ROBOT,76.26899650995696,51.669365128251535,1.5088585410184299,12.277029524527375,0,3.6483341742532396
2024-03-02 06:55:00,LINE-3-CONVEYOR,61.14017080852216,52.91259668113618,1.1835568472948246,12.46207587759746,0,3.088940324730667
2024-03-02 06:55:00,LINE-4-WELD,65.98536821324778,52.70354643836873,1.4188510192902548,13.482946312482184,0,3.344152399525541
2024-03-02 07:00:00,LINE-1-PRESS,73.82955971600676,50.848032152963405,1.4145936453516075,12.020914125928714,0,3.9442472106640247
2024-03-02 07:00:00,LINE-2-ROBOT,73.27654548440631,53.45805815222714,1.743924614841129,13.234312664834924,0,3.754885890795093
2024-03-02 07:00:00,LINE-3-CONVEYOR,79.37299971773582,60.299034392261,1.3255059914681082,12.169493331001382,0,3.901475419975903
2024-03-02 07:00:00,LINE-4-WELD,71.71933866501634,55.25061267884275,1.8528133672838984,12.857980487585905,0,3.566970004020049
2024-03-02 07:05:00,LINE-1-PRESS,75.10922902677656,51.09834677900118,1.608791254960622,12.143565556802718,0,3.7675293434785795
2024-03-02 07:05:00,LINE-2-ROBOT,63.5542852020905,59.21464962386039,1.5817798900958084,12.868943994774183,0,3.1162043085222813
2024-03-02 07:05:00,LINE-3-CONVEYOR,66.44102742974206,59.02940381064996,1.435313331662655,12.444914894365741,0,3.160493783415103
2024-03-02 07:05:00,LINE-4-WELD,41.793484183423026,58.28126587447754,1.4549167866165285,12.446662197973994,0,2.1004782291468116
2024-03-02 07:10:00,LINE-1-PRESS,53.67186038316543,57.430717341387364,1.6219144789686277,12.186802549731278,0,2.6519612016577847
2024-03-02 07:10:00,LINE-2-ROBOT,68.37573211532782,56.90686782168775,1.4068927391348809,13.033767125053924,0,3.283799663616628
2024-03-02 07:10:00,LINE-3-CONVEYOR,44.69684450158828,59.47028262941169,1.4011093631866778,12.793079785537419,0,2.3822371741897044
2024-03-02 07:10:00,LINE-4-WELD,48.09863518944377,54.30506086913579,1.7223712179049229,12.222902782990001,0,2.2917229770178484
2024-03-02 07:15:00,LINE-1-PRESS,66.31355755771911,53.71352386255369,1.455960853011212,12.308051888062067,0,3.116525390665759
2024-03-02 07:15:00,LINE-2-ROBOT,53.605378435912336,57.94538292924838,1.413752416523015,12.518539372811198,0,2.8388294644229513
2024-03-02 07:15:00,LINE-3-CONVEYOR,68.17302793246988,51.47396357345853,2.35107852360417,13.042253146297272,0,3.3192435518102923
2024-03-02 07:15:00,LINE-4-WELD,57.75808399615917,49.38973818057748,1.2008598580965757,13.030572062362385,0,2.6086803601502813
2024-03-02 07:20:00,LINE-1-PRESS,39.16531274504682,56.36079014912716,1.1619434175992427,12.479063339947414,0,2.181616776881284
2024-03-02 07:20:00,LINE-2-ROBOT,41.346653590289804,53.215883632650566,1.7358573957472223,13.573272396161787,0,2.052090861658845
2024-03-02 07:20:00,LINE-3-CONVEYOR,71.82398265372885,54.733607276150785,1.942381850039243,11.64343957145984,0,3.592878030720745
2024-03-02 07:20:00,LINE-4-WELD,71.31844818287585,58.15450348673829,1.8826679488319058,12.666536353550262,0,3.4334902397823472
2024-03-02 07:25:00,LINE-1-PRESS,40.48730397390407,57.48403284595287,1.2297545636220981,12.943468640699956,0,2.228966033595184
2024-03-02 07:25:00,LINE-2-ROBOT,70.76219704835725,58.46702943113319,1.195626965097269,12.515094569755142,1,3.849216193671329
2024-03-02 07:25:00,LINE-3-CONVEYOR,71.42953141653257,55.19063407743721,1.5108519226599664,12.867608465661972,0,3.569892255101552
2024-03-02 07:25:00,LINE-4-WELD,78.87437664088033,57.32733213668273,1.4071374524921128,12.83984655132377,0,3.812053511348939
2024-03-02 07:30:00,LINE-1-PRESS,56.979052350850395,55.99559250083016,1.5780866898438286,12.179717319670514,0,2.6448281271275147
2024-03-02 07:30:00,LINE-2-ROBOT,51.1963352387003,55.31537609204144,1.4938534413778253,12.086112990259554,0,2.2117945406084996
2024-03-02 07:30:00,LINE-3-CONVEYOR,48.22651252194187,57.39744396612022,1.5785815543487387,12.852522406009918,0,2.520778276445636
2024-03-02 07:30:00,LINE-4-WELD,75.09761540352297,45.63184125887817,1.3741299810251462,11.961324521353276,0,3.8935876838373336
2024-03-02 07:35:00,LINE-1-PRESS,69.22716896664808,46.946568678013,1.122144645030562,12.635329116926114,0,3.1875020267875582
2024-03-02 07:35:00,LINE-2-ROBOT,59.124867675963486,52.85143041298038,1.5475032106053732,12.373721259770402,0,2.732544611425436
2024-03-02 07:35:00,LINE-3-CONVEYOR,46.59464042120433,58.537228997849894,1.5941739459744477,11.480270060069977,0,2.104444420080274
2024-03-02 07:35:00,LINE-4-WELD,43.608216985455215,54.808459339345,1.4981286679663024,12.930501978461736,0,2.284702377655818
2024-03-02 07:40:00,LINE-1-PRESS,78.06782231776731,59.13753166482533,1.365617126755964,11.703793063577226,0,3.6418459704203054
2024-03-02 07:40:00,LINE-2-ROBOT,71.58069629364084,54.60560519770029,1.5200205007968717,12.414235176380652,0,3.770123432198808
2024-03-02 07:40:00,LINE-3-CONVEYOR,69.6661543519927,50.92077123202718,1.2844733106529018,13.395289421557566,0,3.5081746123098
2024-03-02 07:40:00,LINE-4-WELD,48.309958295384064,49.80439584462228,1.569862498110458,12.162176500724533,0,2.744627584406394
2024-03-02 07:45:00,LINE-1-PRESS,57.09796304303882,59.428293565692826,1.4502008114040872,12.855633092052337,0,3.064378466648897
2024-03-02 07:45:00,LINE-2-ROBOT,59.88873658728398,45.63173609312393,1.420427640663832,12.070474505828248,0,2.8136294280146235
2024-03-02 07:45:00,LINE-3-CONVEYOR,61.30754324115572,57.97074023202968,1.332939210607367,11.704712387700797,0,2.954503065994185
2024-03-02 07:45:00,LINE-4-WELD,59.81251819505831,49.700459423478335,1.4491909161192174,12.032586893167778,0,2.962714921778342
2024-03-02 07:50:00,LINE-1-PRESS,57.93207702505227,51.35877783254118,1.2249271705865503,12.006708594074059,0,2.8183355576169213
2024-03-02 07:50:00,LINE-2-ROBOT,60.903216480829805,53.173035819583816,1.3373794494267561,12.570287641397538,0,3.198798694672417
2024-03-02 07:50:00,LINE-3-CONVEYOR,47.29038578597446,51.72106400719025,1.800952980399522,12.921460372638451,0,2.52973859286249
2024-03-02 07:50:00,LINE-4-WELD,73.99721833340708,67.0782096320702,1.6489808599246347,12.689186014127424,0,3.7460555396513264
2024-03-02 07:55:00,LINE-1-PRESS,64.98124069897312,61.40921241017863,1.1265773610057885,12.718980510501465,0,3.6695944682011112
2024-03-02 07:55:00,LINE-2-ROBOT,66.07821704237845,50.62509146665829,1.6643280368110325,11.448680503093808,0,3.4604012440004785
2024-03-02 07:55:00,LINE-3-CONVEYOR,76.88235142807815,60.315002601227704,1.8226937379144548,12.665202476786687,0,3.714340644140041
2024-03-02 07:55:00,LINE-4-WELD,79.46744267309151,50.36739082690242,1.6054909280924978,12.886443330144258,0,3.709883204251546
2024-03-02 08:00:00,LINE-1-PRESS,61.99592773115571,58.61278028200067,1.7837369683306705,11.256462193719857,0,2.981119292320996
2024-03-02 08:00:00,LINE-2-ROBOT,58.40062936620159,54.81438725547133,1.4827102689171956,12.856975413285062,0,2.816677557702502
2024-03-02 08:00:00,LINE-3-CONVEYOR,72.8291004992162,52.579870500429855,1.3147122092144776,12.936217084600795,0,3.7128216671171304
2024-03-02 08:00:00,LINE-4-WELD,60.1472145840033,57.435716379129616,1.5107130564513798,12.326751693137174,0,2.9718981678963132
2024-03-02 08:05:00,LINE-1-PRESS,73.35674002798062,54.08234239657721,1.612192965322405,12.863354585668882,0,3.9101105557434344
2024-03-02 08:05:00,LINE-2-ROBOT,72.88033589288739,62.13233331061652,1.7001422097269778,12.616328703024053,0,3.6688175480049092
2024-03-02 08:05:00,LINE-3-CONVEYOR,75.91632159410948,51.48249218774441,1.5926173632324536,11.792421530257041,0,3.901374165449832
2024-03-02 08:05:00,LINE-4-WELD,71.47423771272253,56.2225406691417,1.3176426524644949,12.469569081357964,0,3.582226364291737
2024-03-02 08:10:00,LINE-1-PRESS,75.75677718872124,62.55919171438404,1.467493391328719,11.987081619140177,0,3.8234549657129726
2024-03-02 08:10:00,LINE-2-ROBOT,44.67260342782947,56.939927921944076,1.397779020121484,13.523494441144834,0,2.1229615807202817
2024-03-02 08:10:00,LINE-3-CONVEYOR,52.683672872349646,59.69991910333415,1.7955029083886522,12.496359227430721,0,2.6720075540363877
2024-03-02 08:10:00,LINE-4-WELD,57.75574376847208,57.41277333172448,1.558493090136157,12.794242976725116,0,2.8673115839403254
2024-03-02 08:15:00,LINE-1-PRESS,56.903411780894075,57.03438864259174,1.098984472757633,12.381740674082838,1,2.9318028525249082
2024-03-02 08:15:00,LINE-2-ROBOT,71.04957583335685,56.76686511709604,1.656532175436042,13.02465826743111,0,3.6531353701835227
2024-03-02 08:15:00,LINE-3-CONVEYOR,51.11210270696914,65.01268489338177,1.461005296501899,11.953662091141052,0,2.4309639656112516
2024-03-02 08:15:00,LINE-4-WELD,72.00603490112269,55.46501732089904,1.7131336138061237,12.238656157644218,0,3.5049066727705895
2024-03-02 08:20:00,LINE-1-PRESS,38.03061532005842,57.095984594985445,1.4545142699405411,12.90598304787594,0,2.063195738580888
2024-03-02 08:20:00,LINE-2-ROBOT,70.98668219326575,52.92069573127929,1.657675938700807,12.601422849189744,0,3.4565060290088936
2024-03-02 08:20:00,LINE-3-CONVEYOR,66.3412791948521,62.71374500757232,1.9375990533980654,12.67033089087986,0,3.1032635956016854
2024-03-02 08:20:00,LINE-4-WELD,71.74728955949573,55.21776452713677,1.4426757302505853,12.82266602442834,0,3.512807894042738
2024-03-02 08:25:00,LINE-1-PRESS,60.408104246320434,63.56302696397012,1.5367514763581402,12.60753458627876,1,2.8812101773681555
2024-03-02 08:25:00,LINE-2-ROBOT,55.56181247483515,57.43705504512117,1.047198051500883,12.469501944613183,0,2.7489465702067832
2024-03-02 08:25:00,LINE-3-CONVEYOR,69.58130150229222,44.736774976024265,1.6392298387487292,12.392111574423229,0,3.591422388669484
2024-03-02 08:25:00,LINE-4-WELD,72.57121137170881,46.80537314298539,1.9062563446087057,12.966098175013546,0,3.448250242451403
2024-03-02 08:30:00,LINE-1-PRESS,72.08825068409692,53.416463060375754,1.481912322227057,13.063269140891247,0,3.7661814859291947
2024-03-02 08:30:00,LINE-2-ROBOT,80.07104589209224,63.1574005722136,1.6700717784028427,12.081432203732941,0,3.9219865257110724
2024-03-02 08:30:00,LINE-3-CONVEYOR,69.81195246002316,58.04061449581039,1.4222209158181314,11.500135426327153,0,3.514052222278267
2024-03-02 08:30:00,LINE-4-WELD,65.2448192369161,62.43857470398176,1.4790407469761067,12.111146936584515,0,3.292439022114952
2024-03-02 08:35:00,LINE-1-PRESS,47.489575844962886,54.77813820224091,1.3750998951181648,12.103344643425384,0,2.528862138456363
2024-03-02 08:35:00,LINE-2-ROBOT,51.6323792250237,54.35007467118732,1.5413280148426967,12.381438989012683,0,2.7381574654050724
2024-03-02 08:35:00,LINE-3-CONVEYOR,48.61931887526898,58.19264752129942,1.5368135641539045,12.255522288060327,0,2.3987925135752675
2024-03-02 08:35:00,LINE-4-WELD,55.707622297600444,60.17910534300883,1.1457231176270626,12.151442077072401,0,2.8352987857303744
2024-03-02 08:40:00,LINE-1-PRESS,50.67694482085514,59.818994012797305,1.338378627348937,12.767219826341826,0,2.3458914499359276
2024-03-02 08:40:00,LINE-2-ROBOT,39.98635738310673,52.25741945050619,2.101954026683872,12.380588082925517,0,2.3186866145935245
2024-03-02 08:40:00,LINE-3-CONVEYOR,63.132229295279885,50.37588162010098,1.5791154532450484,12.415295530471827,0,3.24374640070111
2024-03-02 08:40:00,LINE-4-WELD,69.64579571857169,51.46427501806117,1.4539358077549018,11.623256520457991,0,3.640538141961919
2024-03-02 08:45:00,LINE-1-PRESS,77.76382425216067,51.03950585471106,1.425669554790469,12.463613333057019,0,3.913395372930611
2024-03-02 08:45:00,LINE-2-ROBOT,44.38170806395564,51.263081994750664,1.6948235829694775,12.527870506378797,0,2.1780929114586103
2024-03-02 08:45:00,LINE-3-CONVEYOR,58.966882555542625,50.05295373989638,1.749629010289929,12.32325309496836,0,3.057252632651038
2024-03-02 08:45:00,LINE-4-WELD,63.960372510652476,63.72343444725217,1.3679424925762593,11.977413352547892,0,3.367798643163968
2024-03-02 08:50:00,LINE-1-PRESS,49.23953194121651,62.94260471795524,1.5668244421445048,13.888059828768068,0,2.4566728150573907
2024-03-02 08:50:00,LINE-2-ROBOT,79.48916045216355,53.75806408217612,1.9780271819765103,12.975925900690637,0,3.823536701301696
2024-03-02 08:50:00,LINE-3-CONVEYOR,68.16225443986431,59.43488174118516,1.464072910817282,13.331765993441854,0,3.562306029198313
2024-03-02 08:50:00,LINE-4-WELD,56.54485013807218,53.63909736351706,1.4043326020558005,12.447805567872095,0,2.927047369094697
2024-03-02 08:55:00,LINE-1-PRESS,53.34950089876278,41.513789707807476,1.221322757526504,12.195190483731624,0,2.619973243517147
2024-03-02 08:55:00,LINE-2-ROBOT,79.44791648841947,51.4903694022567,1.9064812337215056,12.689193696705262,0,3.8578537770002237
2024-03-02 08:55:00,LINE-3-CONVEYOR,59.04890935262246,64.52673302233643,1.4929365287625906,12.478400625800786,0,2.782462943724773
2024-03-02 08:55:00,LINE-4-WELD,62.202027619773396,60.50133204648051,1.2601671560027532,12.096957037991473,0,2.847742827367262
2024-03-02 09:00:00,LINE-1-PRESS,76.93066799983208,49.393222912997224,1.4715536180667752,12.764944008279532,0,4.006408720371619
2024-03-02 09:00:00,LINE-2-ROBOT,41.40054376957693,51.34313050264,1.3413835371825615,13.261999050547834,0,2.2030855317372273
2024-03-02 09:00:00,LINE-3-CONVEYOR,61.87731398470551,52.047816813799436,1.0094350848223606,12.867408533364355,0,3.1385662388531865
2024-03-02 09:00:00,LINE-4-WELD,63.373003397229375,59.77957316381196,1.5765982050699145,12.37472887108646,0,3.278891853430178
2024-03-02 09:05:00,LINE-1-PRESS,67.74534378396737,49.77061929655286,1.696299054010157,13.089345887333204,0,3.4298839143643574
2024-03-02 09:05:00,LINE-2-ROBOT,66.23059651731694,55.86778272839018,1.2358058688182219,12.842403760223487,0,3.137163933494687
2024-03-02 09:05:00,LINE-3-CONVEYOR,57.09988779738803,57.49854295354112,1.4017859575157945,12.37491137949362,0,2.611733196771938
2024-03-02 09:05:00,LINE-4-WELD,39.610093293205516,55.19180071541324,1.3437409436398706,12.719124996036921,0,2.222825961080694
2024-03-02 09:10:00,LINE-1-PRESS,47.4538092120267,55.182538863833344,1.5478860141161133,12.664725454553624,0,2.5067304748086228
2024-03-02 09:10:00,LINE-2-ROBOT,71.06464586726518,48.23913642837891,1.8001042217722425,12.487604061465879,0,3.7239528919235516
2024-03-02 09:10:00,LINE-3-CONVEYOR,67.51088865210721,49.160144244968116,1.6373768324391107,12.751510360276773,0,3.3487318995388415
2024-03-02 09:10:00,LINE-4-WELD,82.55029769709478,59.474369893180565,1.2663060682289928,12.63890754111563,0,3.869524514146228
2024-03-02 09:15:00,LINE-1-PRESS,39.94873293459818,55.81335076280262,1.9993028772041388,12.797126716333906,0,2.1184352305478287
2024-03-02 09:15:00,LINE-2-ROBOT,46.31876925542608,61.65737474752328,1.1034959380611333,11.990287850791233,0,2.3843092657477216
2024-03-02 09:15:00,LINE-3-CONVEYOR,48.93277352649098,48.319250893937934,1.5740051968896427,13.23075515867898,0,2.4073813387457474
2024-03-02 09:15:00,LINE-4-WELD,72.15426047051866,58.86783384050723,1.5181556519784827,12.099366032711027,0,3.6512662908603755
2024-03-02 09:20:00,LINE-1-PRESS,66.17999850494674,56.78409109231981,1.196411262532903,12.676598209200618,0,3.3890739253265263
2024-03-02 09:20:00,LINE-2-ROBOT,68.5189405899736,54.194990542064005,1.3722826393657708,12.792481965232694,0,3.3158392893189688
2024-03-02 09:20:00,LINE-3-CONVEYOR,43.51092384844963,53.89173797218972,1.6758671594877121,12.343580124857407,0,2.085640965973331
2024-03-02 09:20:00,LINE-4-WELD,49.552060799201556,50.145393508382725,1.436269055519286,12.557175503826889,0,2.811630343162696
2024-03-02 09:25:00,LINE-1-PRESS,46.718491320910196,64.04644221775796,1.3672663665132703,12.157334088044564,0,2.221704859287024
2024-03-02 09:25:00,LINE-2-ROBOT,48.85734923348474,60.100950697337225,1.8199779175915949,12.613152219389688,0,2.6526199195588442
2024-03-02 09:25:00,LINE-3-CONVEYOR,69.9806368382051,56.27631355281363,1.8916747111452485,12.458453211907003,1,3.7228664563592835
2024-03-02 09:25:00,LINE-4-WELD,67.58273358030306,48.927637354469866,1.6303126531438958,13.20986888511598,0,3.348436652904308
2024-03-02 09:30:00,LINE-1-PRESS,47.77946514719158,61.739235206078206,1.4193719395508813,13.064223153362983,0,2.4289047578340384
2024-03-02 09:30:00,LINE-2-ROBOT,61.3879101877243,60.4304192095962,1.5022914482997922,13.046194283745399,0,3.0690051465155452
2024-03-02 09:30:00,LINE-3-CONVEYOR,53.197370092199805,56.10106527072714,1.8319054346938712,12.502527465605331,0,2.386971933291287
2024-03-02 09:30:00,LINE-4-WELD,70.8115076107198,52.11546768664634,1.4415505912595525,12.24239587513407,0,3.6792549644725376
2024-03-02 09:35:00,LINE-1-PRESS,69.10686316502445,54.53452864917149,1.8610344958753764,12.963767327314706,0,3.3844435946428586
2024-03-02 09:35:00,LINE-2-ROBOT,44.53855303672755,48.85451787236127,1.4796504161327,12.290075070542128,0,2.6066420459040227
2024-03-02 09:35:00,LINE-3-CONVEYOR,74.61560770322515,49.591107248738496,1.6700208193794275,11.985429022957995,0,3.736461081346102
2024-03-02 09:35:00,LINE-4-WELD,60.541096350719485,62.336077025114534,1.2091888798783181,11.73035700085737,0,3.094191681150196
2024-03-02 09:40:00,LINE-1-PRESS,38.556774896997084,56.89898347567803,1.71017167938308,12.937642232334888,0,2.1448894187162315
2024-03-02 09:40:00,LINE-2-ROBOT,60.53716305691793,55.823760519523574,1.3744799647811596,12.685893652794041,0,3.1211194318756976
2024-03-02 09:40:00,LINE-3-CONVEYOR,64.79394189207171,54.62384743512341,1.332898693222099,12.098572572703155,0,3.246641044217086
2024-03-02 09:40:00,LINE-4-WELD,46.30856613513262,55.3612877576324,1.4900134207301485,12.13758145478376,0,2.1308465929842133
2024-03-02 09:45:00,LINE-1-PRESS,67.62767205368559,51.29452855204217,1.2304807296080773,12.653275483969413,0,3.293887104162097
2024-03-02 09:45:00,LINE-2-ROBOT,64.22684367526513,58.75022192930568,1.481839579246359,12.17012541954543,0,3.446945176390139
2024-03-02 09:45:00,LINE-3-CONVEYOR,73.22750171092144,56.20332044028522,1.6003011106408804,12.00389354062126,0,3.722516938619932
2024-03-02 09:45:00,LINE-4-WELD,54.03711761992764,56.1334749458159,1.5218292636202377,12.551806986067108,0,2.5457315805914824
2024-03-02 09:50:00,LINE-1-PRESS,68.17286304341046,46.22375815349805,1.279450161617924,13.088798915079458,0,3.426150897016526
2024-03-02 09:50:00,LINE-2-ROBOT,66.33837879208392,56.49528518970501,1.4433229146967899,12.946303026128936,0,3.488915295039125
2024-03-02 09:50:00,LINE-3-CONVEYOR,59.516955295738384,45.32910712804389,1.4769985692594536,13.039091381855169,0,3.0438189970322633
2024-03-02 09:50:00,LINE-4-WELD,74.97901129016054,57.74689843078186,1.591574329486911,13.41052499742384,0,3.68473036977852
2024-03-02 09:55:00,LINE-1-PRESS,54.87706682124316,54.450315117908545,1.335729136956229,12.244852626090116,0,2.8178631927720432
2024-03-02 09:55:00,LINE-2-ROBOT,71.2308520313778,50.05237811794216,1.1939547116814095,12.486641735500855,0,3.7088944122902996
2024-03-02 09:55:00,LINE-3-CONVEYOR,76.34332092057191,54.96399057882599,1.0761365171714512,12.340444170057319,0,3.7239280745616954
2024-03-02 09:55:00,LINE-4-WELD,75.56509416671675,58.150726603969225,1.6081002623055582,12.456975466631654,0,3.7554598988040393
2024-03-02 10:00:00,LINE-1-PRESS,52.62728213620443,54.148396395100605,1.2981825379340601,12.573424229204322,0,2.5602399824928384
2024-03-02 10:00:00,LINE-2-ROBOT,60.18657648151217,54.71745903927,1.4377153511672427,11.509721964446793,0,3.028632370255212
2024-03-02 10:00:00,LINE-3-CONVEYOR,65.25904806999836,54.08703657221002,1.492145676308045,12.633610049098449,0,3.1711674218915604
2024-03-02 10:00:00,LINE-4-WELD,73.3051264170619,59.67469871064752,1.2044440449503837,12.792068550527606,0,3.547066412786332
2024-03-02 10:05:00,LINE-1-PRESS,69.02574790576296,54.82881591378442,1.2937680007707293,11.516617969337291,0,3.476577492299075
2024-03-02 10:05:00,LINE-2-ROBOT,77.3715154297149,58.878408205077235,1.7644810155428672,12.472306041977891,0,3.9210053260209827
2024-03-02 10:05:00,LINE-3-CONVEYOR,56.85584991522349,47.33658816829691,1.673620714312923,12.447957273639433,0,2.8031898873570706
2024-03-02 10:05:00,LINE-4-WELD,67.07891906648162,60.10624867937095,1.4934218893835347,12.481770633523919,0,3.157081919677678
2024-03-02 10:10:00,LINE-1-PRESS,56.499454198604354,53.383511497005586,1.0518350421927856,12.548824543964725,0,2.8409201678325955
2024-03-02 10:10:00,LINE-2-ROBOT,49.78096024300482,61.37622263541236,1.633558035974699,13.191406001692858,0,2.545241689654115
2024-03-02 10:10:00,LINE-3-CONVEYOR,64.81587800999189,56.86874921034464,1.637410166086448,12.480178693157209,0,3.1993428265475514
2024-03-02 10:10:00,LINE-4-WELD,79.34835910333967,50.415804514705606,1.5089526841867593,11.875995498210568,0,3.962993064558724
2024-03-02 10:15:00,LINE-1-PRESS,46.80108681520997,49.512797525294765,1.4980464107009985,12.545734467660987,0,2.4797219300223965
2024-03-02 10:15:00,LINE-2-ROBOT,65.61092284078286,60.324816245696724,1.2948393618752112,12.158381665353502,0,3.246747083382337
2024-03-02 10:15:00,LINE-3-CONVEYOR,73.24981279202326,53.46109090684866,1.5710891725690348,11.880933973603188,0,3.6563422636313514
2024-03-02 10:15:00,LINE-4-WELD,58.70492616625334,53.51272903491658,1.6451742133491876,12.582751336512183,0,2.9784854453527663
2024-03-02 10:20:00,LINE-1-PRESS,66.7847946540264,54.82245028251038,1.5092567118120281,12.48188779745291,0,3.3160477895440494
2024-03-02 10:20:00,LINE-2-ROBOT,77.08457385760079,44.698323769808155,1.2800821673173939,12.010489115150355,0,3.839836128290048
2024-03-02 10:20:00,LINE-3-CONVEYOR,70.70349178485048,59.916214409990324,1.821280402382306,12.923343649288247,0,3.4121448442335587
2024-03-02 10:20:00,LINE-4-WELD,40.6541637897283,54.78199632456628,1.8479947602820928,11.897392941520632,0,2.0175076220822334
2024-03-02 10:25:00,LINE-1-PRESS,71.5634487769777,57.06376838270126,1.153881575324348,13.369488438146993,0,3.629866900524135
2024-03-02 10:25:00,LINE-2-ROBOT,68.71828719680435,53.97530080155434,1.2662369957387145,12.482283692636408,1,3.6339180711833867
2024-03-02 10:25:00,LINE-3-CONVEYOR,47.59437690336664,57.34205005113377,1.602358438887162,12.716339604956788,0,2.457939684559689
2024-03-02 10:25:00,LINE-4-WELD,39.920690283008874,53.970947212093556,1.3284735870481579,12.72957914290106,0,2.1242786106556206
2024-03-02 10:30:00,LINE-1-PRESS,35.01280258722457,52.328384594406835,1.5451688218396795,12.238810807681439,0,2.12388844549562
2024-03-02 10:30:00,LINE-2-ROBOT,47.531970472207306,56.90111567758754,1.71451234859893,12.202861194981919,0,2.321222293976965
2024-03-02 10:30:00,LINE-3-CONVEYOR,66.4858968848692,67.73539572183995,1.548211295769292,12.488969327380946,0,3.3772804819961
2024-03-02 10:30:00,LINE-4-WELD,48.990174675302534,60.79776554159271,1.3616061448203391,12.329460872243908,0,2.309237726732198
2024-03-02 10:35:00,LINE-1-PRESS,46.822729895259144,52.04959853871336,1.7430731940638038,12.472817155553269,0,2.3653475865275513
2024-03-02 10:35:00,LINE-2-ROBOT,61.18233877478847,65.37243206878995,1.9256152274402363,12.28993622254884,0,3.1264872950289475
2024-03-02 10:35:00,LINE-3-CONVEYOR,63.03029544284547,56.74206974604653,1.5514192801410058,11.740804973480923,0,3.3563836595711654
2024-03-02 10:35:00,LINE-4-WELD,43.163142745978874,45.508068085814514,1.8162397590716826,12.018026981564917,0,2.343119778974197
2024-03-02 10:40:00,LINE-1-PRESS,39.69860933277732,58.84974574685706,1.7964441931586528,11.900937616650907,0,2.2191977413736583
2024-03-02 10:40:00,LINE-2-ROBOT,39.12374724926283,53.1865031223076,1.3908909106586644,12.587322912140188,0,2.018629903762255
2024-03-02 10:40:00,LINE-3-CONVEYOR,54.26282094893788,45.94158232747632,1.3112949918182017,12.310262090692412,0,2.880662577848367
2024-03-02 10:40:00,LINE-4-WELD,47.309330627641266,58.24665556139766,1.600901425701383,12.251959001277577,0,2.44051280579891
2024-03-02 10:45:00,LINE-1-PRESS,71.17167827900082,44.45721349737053,1.6534769538057361,12.220380493790387,0,3.6178243514974744
2024-03-02 10:45:00,LINE-2-ROBOT,56.95845795485908,55.18365492185775,1.478865664905187,13.314147693475899,0,2.629090559963755
2024-03-02 10:45:00,LINE-3-CONVEYOR,44.75326739806544,52.08246532393395,1.0917354768060628,12.262505081639686,0,2.3405286639972114
2024-03-02 10:45:00,LINE-4-WELD,54.97943095156876,45.38670456436817,1.5524575723741827,12.546497379839348,0,2.7599506202844886
2024-03-02 10:50:00,LINE-1-PRESS,48.911270424415996,60.49560518275439,1.6936588618587471,12.358790548421316,0,2.4899982190559737
2024-03-02 10:50:00,LINE-2-ROBOT,52.798077243611445,62.8138087512173,1.2606413526447275,12.42663697912393,0,2.687551475156783
2024-03-02 10:50:00,LINE-3-CONVEYOR,73.76242796463204,53.20512668098633,1.3664926235057278,12.446990919340513,0,3.7432975585709554
2024-03-02 10:50:00,LINE-4-WELD,74.27891539486352,60.32285997536958,1.3716943114528066,12.35654063790863,0,3.412146868276406
2024-03-02 10:55:00,LINE-1-PRESS,64.40522735602833,49.308598089077485,1.575397854153138,11.772833784868753,0,3.1184659533574477
2024-03-02 10:55:00,LINE-2-ROBOT,77.36894869441545,55.36296162121548,1.2647869822167992,12.484624108068388,0,3.8292373697245408
2024-03-02 10:55:00,LINE-3-CONVEYOR,68.97242016190255,63.56745777881991,1.39019852955783,12.32319864187128,0,3.3160891431602266
2024-03-02 10:55:00,LINE-4-WELD,53.42398088851031,49.6254371749497,1.4175544794524666,12.942826178898034,0,2.864500690480646
2024-03-02 11:00:00,LINE-1-PRESS,79.99165571702986,47.94508281213051,1.3569846420829703,12.129281103599917,0,3.8927495058947117
2024-03-02 11:00:00,LINE-2-ROBOT,67.3899982194619,59.37120131414647,1.3938300061117996,12.828335729073164,0,3.3765726639969382
2024-03-02 11:00:00,LINE-3-CONVEYOR,43.95651045319595,47.005835634163304,1.7595333717209907,13.02222893691736,0,2.205710778275341
2024-03-02 11:00:00,LINE-4-WELD,44.13248720398734,58.57658745089674,1.3842157234912156,11.934326176970682,0,2.1461443588936264
2024-03-02 11:05:00,LINE-1-PRESS,60.474239128699786,60.52810226736905,1.7336521668452307,11.860639642189154,0,2.9768592743995006
2024-03-02 11:05:00,LINE-2-ROBOT,50.42948182049931,58.486280541228275,1.2903169716751655,12.132599377915822,0,2.287105297594671
2024-03-02 11:05:00,LINE-3-CONVEYOR,52.158623463175324,53.59134257993257,1.5518706068911938,12.415019999455978,0,2.615940267233047
2024-03-02 11:05:00,LINE-4-WELD,74.40921185813392,60.89626367064025,1.5526797678190154,12.941947788122418,0,3.817273389861491
2024-03-02 11:10:00,LINE-1-PRESS,66.67991559734176,51.330995895679926,1.4832281667255347,12.727356813731586,0,3.0302145881925333
2024-03-02 11:10:00,LINE-2-ROBOT,68.48753235723977,51.79349252860841,1.6422375591347782,12.282725034244166,0,3.3679146327840623
2024-03-02 11:10:00,LINE-3-CONVEYOR,38.769079669805464,58.75655994509995,1.6516966233922088,12.797230071294518,0,2.0394319105028167
2024-03-02 11:10:00,LINE-4-WELD,59.64606046046359,59.280495683343446,1.798363365266128,12.550876938263183,0,3.1746858458821468
2024-03-02 11:15:00,LINE-1-PRESS,70.23768874645218,48.36542914503871,1.4390351697092851,12.262317929893953,0,3.4669222210096393
2024-03-02 11:15:00,LINE-2-ROBOT,52.35013946612716,54.85095268669535,1.5325974951093588,12.110855157364934,0,2.70419371354553
2024-03-02 11:15:00,LINE-3-CONVEYOR,65.88886133776191,57.531508028843604,1.3840494666381065,12.595641448628736,0,3.3053829781184962
2024-03-02 11:15:00,LINE-4-WELD,77.24801743882358,56.10012002472631,1.576316740312556,12.536609476534887,0,3.847770663584859
2024-03-02 11:20:00,LINE-1-PRESS,51.255155330696425,54.02455888869335,1.336298860469463,12.440909847445132,0,2.787441984214057
2024-03-02 11:20:00,LINE-2-ROBOT,43.90932595913739,48.442210694076444,1.4934329359617584,12.79010561697623,0,1.9757495460642476
2024-03-02 11:20:00,LINE-3-CONVEYOR,42.34757877691065,59.968599090584824,1.3288525145917833,12.582425420139128,0,2.204874738327831
2024-03-02 11:20:00,LINE-4-WELD,68.17035956770364,57.69529821606516,1.4309396769248628,11.927656757757983,0,3.656097933881578
2024-03-02 11:25:00,LINE-1-PRESS,75.45506600122957,59.62485359702144,1.1091354200741277,12.153868185579439,0,3.5467419342012967
2024-03-02 11:25:00,LINE-2-ROBOT,66.31206532675027,46.629625659223905,1.5032247412652664,12.678820706754305,0,3.268547559795426
2024-03-02 11:25:00,LINE-3-CONVEYOR,78.14813953674182,62.56273613283468,1.7876493213861782,12.048007987816222,0,3.909639335132485
2024-03-02 11:25:00,LINE-4-WELD,67.75678571459184,58.575111918332745,1.2817539249274572,11.10158492134379,1,3.383327817724806
2024-03-02 11:30:00,LINE-1-PRESS,58.34767341406797,51.42459608243001,1.4960316305920034,13.101297115381087,0,2.8432101783107746
2024-03-02 11:30:00,LINE-2-ROBOT,73.5965195221944,47.14738120403415,1.230642149739427,12.386664580601824,0,3.715341561776836
2024-03-02 11:30:00,LINE-3-CONVEYOR,73.78445652330838,57.654292767079426,1.6039766949984025,13.61774211576447,0,3.5694555790807905
2024-03-02 11:30:00,LINE-4-WELD,56.29011553676453,60.00550045922958,1.2046307690182272,12.856180857209095,0,2.9894853603206957
2024-03-02 11:35:00,LINE-1-PRESS,80.9860090335563,54.43939489800287,1.410724897331558,12.329505022055455,0,3.842954406811231
2024-03-02 11:35:00,LINE-2-ROBOT,46.46329575724229,61.02019528921403,1.4051060540806262,11.994480003092521,0,2.260160159249581
2024-03-02 11:35:00,LINE-3-CONVEYOR,71.19185428388118,57.59694540622365,1.4658963793510598,12.099309097978285,0,3.5371784831243533
2024-03-02 11:35:00,LINE-4-WELD,49.312645585001,60.79787340756116,1.5070494207614045,12.745581542604725,0,2.6179759402014384
2024-03-02 11:40:00,LINE-1-PRESS,50.702775789775096,58.93266113999928,1.9254488646005403,11.837074224032845,0,2.351806853840689
2024-03-02 11:40:00,LINE-2-ROBOT,56.84176121538848,52.15296878901779,1.492134829963672,11.717091495187724,0,2.834423494842796
2024-03-02 11:40:00,LINE-3-CONVEYOR,55.754496988809834,66.95811373102843,1.5032186482642438,12.859915321979896,0,2.717895310098724
2024-03-02 11:40:00,LINE-4-WELD,44.648841391176624,54.485037656667714,1.3246146102983107,12.95306141927315,0,2.247365045934122
2024-03-02 11:45:00,LINE-1-PRESS,76.61449277970472,62.15480399451943,1.6682794052762986,12.572435085919794,0,3.752838857075968
2024-03-02 11:45:00,LINE-2-ROBOT,57.27703326959723,55.53326021134592,1.4556075471773595,11.737041650461958,0,2.7786534610500166
2024-03-02 11:45:00,LINE-3-CONVEYOR,73.92247447160265,49.82962701176808,1.5438620628244162,12.384781323617606,0,3.486776919587618
2024-03-02 11:45:00,LINE-4-WELD,52.732600686657776,56.70468571799634,1.6647136766799713,13.092127403626218,0,2.6888199373462123
2024-03-02 11:50:00,LINE-1-PRESS,51.484391269677445,57.331847952596114,1.371235700087429,12.356379467712616,0,2.557905656679225
2024-03-02 11:50:00,LINE-2-ROBOT,63.00097723975429,59.160576436921616,1.6819364767389946,12.801969215340307,0,2.93566826824092
2024-03-02 11:50:00,LINE-3-CONVEYOR,66.50963052950173,52.41760895224584,1.3232441423161352,12.272379528491971,0,3.355679869882553
2024-03-02 11:50:00,LINE-4-WELD,71.3464004205868,46.38617389668657,1.6446098019515039,12.870448247623555,0,3.6526372378652194
2024-03-02 11:55:00,LINE-1-PRESS,79.66553720385976,54.350185692630255,1.6789362017421947,12.270450400380456,0,3.7858325836760365
2024-03-02 11:55:00,LINE-2-ROBOT,49.646564663442106,57.67248497442758,1.3802137497933158,12.995965981760623,0,2.4586197642927416
2024-03-02 11:55:00,LINE-3-CONVEYOR,56.45777941507772,53.377283408220045,1.5590572427202305,12.537828981849934,0,2.7932268354823426
2024-03-02 11:55:00,LINE-4-WELD,50.1657458803425,60.44754432014435,1.6369705614443493,12.29702823698342,0,2.734136626592001
2024-03-02 12:00:00,LINE-1-PRESS,75.20207405039564,61.48945477482138,1.289554518125167,12.107937928178176,0,3.656293949580318
2024-03-02 12:00:00,LINE-2-ROBOT,80.45373631459778,65.67361034934943,1.4316950364803012,12.678173133075768,0,3.7282656687403883
2024-03-02 12:00:00,LINE-3-CONVEYOR,41.67652863216838,51.13846111233816,1.376714097254137,12.547820733298671,0,2.152013751919935
2024-03-02 12:00:00,LINE-4-WELD,71.50298448000052,49.915046862482626,1.7527046484594535,11.56482346379044,0,3.5034915991706317
2024-03-02 12:05:00,LINE-1-PRESS,56.87105473265006,54.69812076944712,1.3014873335952888,12.76191400532399,0,2.8057300314836326
2024-03-02 12:05:00,LINE-2-ROBOT,39.02340437290412,52.37704724848991,1.357776389880224,12.987720778368312,0,2.139249059762086
2024-03-02 12:05:00,LINE-3-CONVEYOR,54.242568597431884,48.143306540288464,1.692032021784927,12.489171752481301,0,2.4964057330666596
2024-03-02 12:05:00,LINE-4-WELD,69.32702607106177,59.83237581942647,2.1365969528125124,12.839569409162598,0,3.5311403788489706
2024-03-02 12:10:00,LINE-1-PRESS,60.31556534871821,44.24834587195535,1.6669319952152635,12.493891560511077,0,3.1641855960746574
2024-03-02 12:10:00,LINE-2-ROBOT,52.03174219144254,46.94145037787176,1.5248554543083048,11.817314918072872,0,2.5010081588628306
2024-03-02 12:10:00,LINE-3-CONVEYOR,75.08661077454487,52.218257593283774,1.4209647357041462,12.649260880674372,0,3.7081156972400318
2024-03-02 12:10:00,LINE-4-WELD,41.96672694649679,57.628611405494176,1.348974784836685,12.972152338948623,0,2.1175610811592067
2024-03-02 12:15:00,LINE-1-PRESS,75.83017301553785,50.0548285757525,1.8172574531029562,12.014071564591811,0,3.801684192997365
2024-03-02 12:15:00,LINE-2-ROBOT,44.528044510952284,52.851558292906425,1.3013691607146858,12.563295178534894,0,2.0350613122110133
2024-03-02 12:15:00,LINE-3-CONVEYOR,76.23191411679262,57.312460589499906,1.625802049526197,13.423706124305573,0,3.924280906639305
2024-03-02 12:15:00,LINE-4-WELD,46.187478774937226,61.18785033058593,1.6601163775220142,12.632678252899254,0,2.0506897422708388
2024-03-02 12:20:00,LINE-1-PRESS,52.743110846807596,47.677042457826275,1.6428682505523915,12.209521838271922,0,2.6704265861917635
2024-03-02 12:20:00,LINE-2-ROBOT,43.29342192394901,47.88532871492929,1.2465659465185288,12.754607398408925,0,2.0874565515923043
2024-03-02 12:20:00,LINE-3-CONVEYOR,41.776966988699364,56.71425746005703,1.372880639225917,12.470502402481566,0,2.0816366786210656
2024-03-02 12:20:00,LINE-4-WELD,76.35981469365856,57.32963244141575,1.337763081650773,13.169823914570836,0,3.8245678424586993
2024-03-02 12:25:00,LINE-1-PRESS,72.45843977539303,54.01420663678557,1.5163082308822453,12.470187296201448,0,3.800361404358931
2024-03-02 12:25:00,LINE-2-ROBOT,58.795283506955656,63.64410390483195,1.5338933319526977,12.739942274040967,0,3.0563880959277188
2024-03-02 12:25:00,LINE-3-CONVEYOR,51.46697506961368,51.10060345701923,1.5773956645578198,12.06375231002211,0,2.490938789762706
2024-03-02 12:25:00,LINE-4-WELD,68.01159250679156,49.30753334969809,1.4480151902490674,11.927828537614715,0,3.3865963182772547
2024-03-02 12:30:00,LINE-1-PRESS,77.5793347566129,55.506012824609535,1.5799631772791378,12.78701817475632,0,3.985833968676214
2024-03-02 12:30:00,LINE-2-ROBOT,66.8508979616114,53.66679353776017,1.3132827858596576,12.23437391790083,0,3.384534456360541
2024-03-02 12:30:00,LINE-3-CONVEYOR,45.60435976407094,49.06743631540122,1.5355778892311185,11.775585113642775,0,2.295863762537155
2024-03-02 12:30:00,LINE-4-WELD,63.338588816413825,54.721313530557275,1.3671461344808846,12.273128958862097,0,2.952222577795324
2024-03-02 12:35:00,LINE-1-PRESS,47.185588960843376,55.85289135336424,1.3459886580736744,12.530360631576215,1,2.229731242910262
2024-03-02 12:35:00,LINE-2-ROBOT,62.68870336371635,45.668586750218,1.1865229339935972,12.423625393077089,0,3.0658286977677642
2024-03-02 12:35:00,LINE-3-CONVEYOR,75.97919919690504,56.43535811203391,1.2785592310774345,12.696296319482489,0,3.9761965884268826
2024-03-02 12:35:00,LINE-4-WELD,62.61488480187381,54.563011538522474,1.5484260057400676,12.200449072679742,0,3.161515486190379
2024-03-02 12:40:00,LINE-1-PRESS,73.60343905031928,50.83193514331012,1.6359985843270461,12.057098713839164,0,3.7177993828228066
2024-03-02 12:40:00,LINE-2-ROBOT,37.69796316609158,65.88923926336305,1.6002353116758186,13.137877705669544,0,2.0612570165525033
2024-03-02 12:40:00,LINE-3-CONVEYOR,53.71846639116494,67.95961305420339,1.5595116262115816,12.642938342589085,0,2.887441888727653
2024-03-02 12:40:00,LINE-4-WELD,75.7168211949223,57.39934240670392,1.4863277708350209,11.839445028530312,1,3.7692574349636496
2024-03-02 12:45:00,LINE-1-PRESS,69.05004050615594,59.29993224023768,1.624212916914579,11.823924933149424,0,3.6210717029434623
2024-03-02 12:45:00,LINE-2-ROBOT,76.80687402781001,58.70502179767408,1.835565378277584,12.741630499041483,0,3.7482680554937735
2024-03-02 12:45:00,LINE-3-CONVEYOR,53.34160250555003,57.413004514660464,1.2994512621647898,12.754308894964058,0,2.634972423163588
2024-03-02 12:45:00,LINE-4-WELD,61.597337152558815,59.633824548789626,2.4938692081536233,12.273724070886328,0,2.965314953739366
2024-03-02 12:50:00,LINE-1-PRESS,46.64100690166789,54.78486991519713,1.4915264139711202,13.193037214441484,0,2.196062119676939
2024-03-02 12:50:00,LINE-2-ROBOT,65.38937212324758,50.127125142923695,1.5996699736975455,13.109244960901613,0,3.1389755941272686
2024-03-02 12:50:00,LINE-3-CONVEYOR,63.56896196922636,60.475148432061076,1.294479368455494,11.77148469869423,0,3.0474177663242887
2024-03-02 12:50:00,LINE-4-WELD,68.42935844697887,52.49349060724728,1.4854625052832928,12.999521723753386,0,3.286662629981884
2024-03-02 12:55:00,LINE-1-PRESS,74.39357724739926,63.05365547301801,1.3575756743910399,13.032057307959793,0,3.532944180141469
2024-03-02 12:55:00,LINE-2-ROBOT,78.99637053107443,61.97509269819188,1.533535607094995,12.21469782887923,0,3.768092105516224
2024-03-02 12:55:00,LINE-3-CONVEYOR,76.0860978111313,59.78636082639882,1.557736028961891,12.55888270352007,0,3.8069320411595755
2024-03-02 12:55:00,LINE-4-WELD,48.4916652624451,55.42524611098347,1.6543580979761465,12.947775265065296,0,2.409003264619504
2024-03-02 13:00:00,LINE-1-PRESS,82.36304823692794,54.69934309415263,1.554120595990454,12.542781132148491,1,3.961143172873264
2024-03-02 13:00:00,LINE-2-ROBOT,43.15529871991563,53.06094226108351,1.557366706334571,12.065308125772356,0,2.0015782068403496
2024-03-02 13:00:00,LINE-3-CONVEYOR,64.46961428819552,59.63515331068776,1.6748025506031072,12.840182460846226,0,2.943704360114351
2024-03-02 13:00:00,LINE-4-WELD,64.77555176194696,49.65385413760391,1.7582984582702788,11.883796656537374,0,3.33358864400772
2024-03-02 13:05:00,LINE-1-PRESS,62.457383727940424,59.94928715939723,1.3735508842643105,13.141466904264302,0,3.050581486706893
2024-03-02 13:05:00,LINE-2-ROBOT,56.2090825124395,53.44008149870848,1.6039416751436,12.845371509935587,0,2.764568767553572
2024-03-02 13:05:00,LINE-3-CONVEYOR,65.97250587121336,54.633543545546445,1.8320823868741765,13.060473522078482,0,3.4746134170038694
2024-03-02 13:05:00,LINE-4-WELD,52.77557884155918,54.944231081703336,1.3779890900561484,13.381601542496373,0,2.7047044243666463
2024-03-02 13:10:00,LINE-1-PRESS,48.55413993233799,51.00912937122873,1.6125100880283332,11.895532978960173,0,2.3367334008797354
2024-03-02 13:10:00,LINE-2-ROBOT,41.14213176447449,55.758861551240145,1.6455700341601187,12.759706789582804,1,2.1296722237530163
2024-03-02 13:10:00,LINE-3-CONVEYOR,79.73885677847935,66.85523264284254,1.4717463026073014,12.176384199803937,0,3.907119447250431
2024-03-02 13:10:00,LINE-4-WELD,74.14901350693677,56.47839922343665,1.4013250028138382,12.041584744768988,0,3.570928884461797
2024-03-02 13:15:00,LINE-1-PRESS,79.80005541179315,45.320686232500364,1.5545383910712054,12.604404394795067,0,3.7348803268164645
2024-03-02 13:15:00,LINE-2-ROBOT,55.98003093101726,51.31244010293597,1.5869811059164038,12.018528137090874,0,2.6013508571687516
2024-03-02 13:15:00,LINE-3-CONVEYOR,60.45065098960093,53.33811679083919,1.5792471472002791,12.819868801157348,0,3.111490314614571
2024-03-02 13:15:00,LINE-4-WELD,53.801682995255355,53.44005892169319,1.4333904414599496,12.68164930693029,0,2.4662298504507403
2024-03-02 13:20:00,LINE-1-PRESS,52.95461426268597,60.323795919870015,1.480767611704067,12.639079571927756,0,2.70803545670316
2024-03-02 13:20:00,LINE-2-ROBOT,69.1431029521448,59.89082365630854,1.808200991045128,12.14331648790997,0,3.449800449674776
2024-03-02 13:20:00,LINE-3-CONVEYOR,46.31475058288822,50.700203298130226,1.6432747172305573,12.507422855248233,0,2.282846317419603
2024-03-02 13:20:00,LINE-4-WELD,63.89639713020297,57.67020113431118,1.2633940081529553,12.636174543374633,0,3.089434303786108
2024-03-02 13:25:00,LINE-1-PRESS,55.39396876124868,59.13836421278353,1.6773171122434987,11.767659193289681,0,2.7021747275058003
2024-03-02 13:25:00,LINE-2-ROBOT,43.84460431580373,54.214505874019274,1.172185000167528,12.36351674981355,0,2.0431068376645634
2024-03-02 13:25:00,LINE-3-CONVEYOR,67.17052809689787,50.12789589435143,1.386236723668492,12.708624941916193,0,3.1957870070032954
2024-03-02 13:25:00,LINE-4-WELD,56.10204365870942,52.11660180682877,1.8890278493474753,12.82817013191448,0,2.713552782986495
2024-03-02 13:30:00,LINE-1-PRESS,56.05086696257452,51.59937568963792,1.5217267962594299,12.187804049004013,0,2.8392762686615964
2024-03-02 13:30:00,LINE-2-ROBOT,45.051510648446005,56.87961679424649,1.6109911719678425,12.496957803695436,0,2.2287138661751147
2024-03-02 13:30:00,LINE-3-CONVEYOR,57.10621771993403,56.8552349262989,1.8684645602900445,12.039390856564292,1,2.8730951147825032
2024-03-02 13:30:00,LINE-4-WELD,74.21888833700599,57.98770472873378,1.3010829215738178,12.177920032318873,0,3.7273142972553215
2024-03-02 13:35:00,LINE-1-PRESS,61.06165756860559,66.23088915119979,1.3694013205397424,12.839044437145457,0,3.0530813719995242
2024-03-02 13:35:00,LINE-2-ROBOT,65.76811256920921,45.119481582450966,1.385803275180498,13.191905874427805,0,3.2089934227004497
2024-03-02 13:35:00,LINE-3-CONVEYOR,57.13896772256044,53.377689354495864,1.7784354082273042,11.514244042112523,0,2.7379114135107105
2024-03-02 13:35:00,LINE-4-WELD,62.3255388788679,55.51577268278912,1.3381939965171494,12.855964633689556,0,2.988598853204212
2024-03-02 13:40:00,LINE-1-PRESS,74.00801050333264,49.004459373801446,1.6534553480173992,12.51007503209571,0,3.7869988095599805
2024-03-02 13:40:00,LINE-2-ROBOT,85.35090988525229,62.20922015132842,1.6716165476189193,12.628261960328798,0,3.9412662740045166
2024-03-02 13:40:00,LINE-3-CONVEYOR,63.43234701250138,49.932750968816805,1.5983348860613693,11.635048199180426,0,2.995330275899367
2024-03-02 13:40:00,LINE-4-WELD,70.58598181558608,56.93986762853813,1.4563396662290975,12.52990589309559,0,3.813902516324598
2024-03-02 13:45:00,LINE-1-PRESS,56.72676143332371,53.02073281905695,1.793393699595427,12.817237969133691,0,2.9678195353273384
2024-03-02 13:45:00,LINE-2-ROBOT,47.67488363319788,59.257919271721285,1.7432281929293132,12.590202072291914,0,2.47023533003644
2024-03-02 13:45:00,LINE-3-CONVEYOR,45.3594965032731,60.73397081054948,1.5998829066502984,12.771731740330688,0,2.2126785265502393
2024-03-02 13:45:00,LINE-4-WELD,54.03212915509202,45.84286178077491,1.7619745245732366,11.883935303281158,0,2.513250716646349
2024-03-02 13:50:00,LINE-1-PRESS,62.22710497807835,64.36729534190468,1.1534074423275542,11.799031976260437,0,3.1063437098834696
2024-03-02 13:50:00,LINE-2-ROBOT,44.75354746611494,54.83864386692528,1.3398159328206458,12.568935960747597,0,2.2541865687337372
2024-03-02 13:50:00,LINE-3-CONVEYOR,78.68729200642194,49.82624848869694,1.425233593168038,13.990673990460675,0,3.852101909141739
2024-03-02 13:50:00,LINE-4-WELD,61.75326246718032,54.18607039272471,1.5672079061960054,12.951700474863427,0,3.3092971627423107
2024-03-02 13:55:00,LINE-1-PRESS,59.36687362020654,57.000033683655424,1.608569610167308,12.424458361330828,0,3.071987356803895
2024-03-02 13:55:00,LINE-2-ROBOT,76.41447712506374,49.46516850149712,1.761547610875982,12.69362096333902,1,3.6407897555939264
2024-03-02 13:55:00,LINE-3-CONVEYOR,49.94671744164943,50.750309295902206,1.4699422243962026,11.834005986904144,0,2.522538706039247
2024-03-02 13:55:00,LINE-4-WELD,58.84647843081641,58.0723129122722,1.510865014465611,12.866866143717612,0,2.6896856866978913
2024-03-02 14:00:00,LINE-1-PRESS,59.17799984009738,57.52188917667959,1.663783319978918,12.819803257517735,0,3.0394748587045277
2024-03-02 14:00:00,LINE-2-ROBOT,68.72770792076898,62.06349057080008,1.9028483586232343,12.112680283125089,0,3.3685566792690516
2024-03-02 14:00:00,LINE-3-CONVEYOR,46.476632595927235,59.537500474603256,1.211445953427656,13.079851509203287,0,2.5059236455189158
2024-03-02 14:00:00,LINE-4-WELD,60.91880953314942,54.542406524442605,1.4672755639446873,12.758767072659513,0,2.902240931044798
2024-03-02 14:05:00,LINE-1-PRESS,64.01422584264716,54.2877156203104,1.8794631343664145,12.719583999880067,0,3.11579853063634
2024-03-02 14:05:00,LINE-2-ROBOT,43.10435156076455,50.318514167112326,1.0474773512548894,12.583628656750484,0,2.135385726241261
2024-03-02 14:05:00,LINE-3-CONVEYOR,59.69031693879897,49.575857435002646,1.33427889430489,12.592828961496185,0,3.0907403214968974
2024-03-02 14:05:00,LINE-4-WELD,49.20674194250471,63.175757970085925,1.6008888244518054,12.187603458075676,0,2.456569270647816
2024-03-02 14:10:00,LINE-1-PRESS,72.05579021942687,52.49883079876533,1.4027170661436235,12.24714017829651,0,3.498168036835059
2024-03-02 14:10:00,LINE-2-ROBOT,56.51170647839659,52.160288574063436,1.7076015152110475,12.36712546898801,0,2.4584743834699996
2024-03-02 14:10:00,LINE-3-CONVEYOR,44.044260192974185,62.25261200065469,1.4904129928078806,12.011684567123238,0,2.178505905809521
2024-03-02 14:10:00,LINE-4-WELD,48.57629823163165,63.83281597247723,1.6975035921462316,12.610019523643368,0,2.4718758142294597
2024-03-02 14:15:00,LINE-1-PRESS,74.99111030342385,54.9231374946891,1.2266593724922767,12.654367695054589,0,3.7656522326333106
2024-03-02 14:15:00,LINE-2-ROBOT,50.41425865913418,55.03688005792453,1.7530571368551546,13.553907789165146,0,2.5285538300596837
2024-03-02 14:15:00,LINE-3-CONVEYOR,50.95920267720577,65.72771313203185,1.0536531993554823,12.146025345417574,1,2.614956596132022
2024-03-02 14:15:00,LINE-4-WELD,39.036202125760575,60.979761130405656,1.4744498354692237,12.337922594506177,0,2.266280465878101
2024-03-02 14:20:00,LINE-1-PRESS,51.70956642537742,52.67626635165966,1.8956338217291777,12.912534548041027,0,2.6443495651109306
2024-03-02 14:20:00,LINE-2-ROBOT,56.52391677699287,65.17467222239604,1.4271019677169159,12.279472067023413,0,2.722271408795414
2024-03-02 14:20:00,LINE-3-CONVEYOR,68.68618516542381,52.3688460306889,1.9218670926612917,12.665799937489371,0,3.2740145432525476
2024-03-02 14:20:00,LINE-4-WELD,63.59593024951332,55.516916029003205,1.73321430656626,11.954334276411728,0,3.3047155684530187
2024-03-02 14:25:00,LINE-1-PRESS,67.26187965360421,42.9436328832094,1.4698491254249488,12.932054876456428,0,3.3458900841133765
2024-03-02 14:25:00,LINE-2-ROBOT,45.059238935187054,60.75148053547846,1.9290836575252008,12.185901837721504,0,2.0498877217371367
2024-03-02 14:25:00,LINE-3-CONVEYOR,44.14717349577953,51.73809595004307,1.48839445084893,12.111769294152888,0,2.5796213207940544
2024-03-02 14:25:00,LINE-4-WELD,40.113937189603945,59.36928395258228,1.3993246161600645,13.349496600800355,0,2.0887466100568703
2024-03-02 14:30:00,LINE-1-PRESS,41.00044313127225,55.69181579014385,1.4962723732962655,12.337655075389668,0,2.15956950495676
2024-03-02 14:30:00,LINE-2-ROBOT,65.70471935230965,59.03036599323606,1.5882901967769207,12.938116286673614,0,3.20262423756265
2024-03-02 14:30:00,LINE-3-CONVEYOR,56.83553493306,52.66128915976195,1.2131717341347845,13.223987303557276,0,2.9290831703128775
2024-03-02 14:30:00,LINE-4-WELD,58.467176673402314,58.28553044880481,1.3571158319056913,11.501201746208173,0,3.011134427034619
2024-03-02 14:35:00,LINE-1-PRESS,65.75717263612461,53.638168283867884,1.88410641344497,13.629347876543706,0,3.500944439053362
2024-03-02 14:35:00,LINE-2-ROBOT,53.37611062720684,58.49261507717933,1.4656928342046767,13.069868522541565,0,2.8829036956269007
2024-03-02 14:35:00,LINE-3-CONVEYOR,72.93612613924739,44.11151218559685,1.7404814739932402,12.62829730815153,0,3.9282073152234043
2024-03-02 14:35:00,LINE-4-WELD,46.93505003896117,59.77925117669771,1.548710220166319,12.600011227757324,0,2.3775203536126877
2024-03-02 14:40:00,LINE-1-PRESS,46.184079144189056,56.84979633327769,1.48915674174362,12.835744967681578,0,2.4255817891632425
2024-03-02 14:40:00,LINE-2-ROBOT,65.04671892954269,63.703345916674124,1.3599692947829494,12.671144776974321,0,3.3391974914886595
2024-03-02 14:40:00,LINE-3-CONVEYOR,73.27092900981177,50.80279302731511,1.9298209501741694,12.545696140850843,0,3.77547875375477
2024-03-02 14:40:00,LINE-4-WELD,69.96517392530546,49.52691016553126,1.4920061821697332,12.291482510886786,0,3.5862136694321927
2024-03-02 14:45:00,LINE-1-PRESS,50.75536671135881,56.382500341193484,1.7663530340674731,13.470959734644257,0,2.6625167266772993
2024-03-02 14:45:00,LINE-2-ROBOT,79.26038067401218,57.28851979024078,1.6438995237212088,12.742465276809238,0,3.8125820253203826
2024-03-02 14:45:00,LINE-3-CONVEYOR,77.78367843657408,57.34735485498898,1.6332070353629977,12.451828694404531,0,3.8339855512889534
2024-03-02 14:45:00,LINE-4-WELD,54.39752407136938,56.222738874696724,1.5947598339034925,13.100248343821697,0,2.6609926423813834
2024-03-02 14:50:00,LINE-1-PRESS,63.29019901150857,41.68255231021746,1.5630796785989727,12.391216210076461,0,3.1032780410145793
2024-03-02 14:50:00,LINE-2-ROBOT,43.6021161064135,50.13953626798316,1.8549714623123725,12.320832607736204,0,2.229883154787052
2024-03-02 14:50:00,LINE-3-CONVEYOR,49.051749958655876,57.34773205243272,1.670486775144248,12.51376594556412,0,2.2537376569922225
2024-03-02 14:50:00,LINE-4-WELD,41.87673922517508,49.30328568218712,1.8009856635625927,11.95405945812015,0,2.151481183603709
2024-03-02 14:55:00,LINE-1-PRESS,45.371734916232334,71.63736143214973,1.807458467395026,13.317315322675567,0,2.232331551974923
2024-03-02 14:55:00,LINE-2-ROBOT,40.33810423313615,60.666498562065705,1.5041389939684264,12.358907021138245,0,2.0325527820362073
2024-03-02 14:55:00,LINE-3-CONVEYOR,40.64826995973296,60.150662283273725,1.504790900640487,12.43687076465564,0,2.129197166425925
2024-03-02 14:55:00,LINE-4-WELD,64.1002917873175,54.45647015771118,1.9205146104989357,13.627670006593233,0,3.267981711016618
2024-03-02 15:00:00,LINE-1-PRESS,76.99466387955397,61.911816062255184,1.4590195281832115,13.185632386522407,0,3.882186909390012
2024-03-02 15:00:00,LINE-2-ROBOT,74.84065196223803,56.61310942577725,1.4497111864114243,13.065700462987694,0,3.604367858851707
2024-03-02 15:00:00,LINE-3-CONVEYOR,48.11593245186314,51.40619194005619,1.7701812869474132,12.771053645389745,0,2.1584635438003934
2024-03-02 15:00:00,LINE-4-WELD,56.36409561530356,52.2336538304938,1.4562243101847028,12.78690260244781,0,2.9701714818774487
2024-03-02 15:05:00,LINE-1-PRESS,49.01650182039946,52.137733618479864,1.5427426214837747,11.843768677187978,0,2.351812304752196
2024-03-02 15:05:00,LINE-2-ROBOT,38.699555684144194,51.83471667103814,1.5989558140409963,12.098576704523028,0,2.1039039096643717
2024-03-02 15:05:00,LINE-3-CONVEYOR,68.75420877956662,60.626171855817546,1.5516430340979972,12.65926328744598,0,3.380180805417918
2024-03-02 15:05:00,LINE-4-WELD,71.59816429555752,58.434145281245144,1.8247843007224485,12.385693037747652,0,3.4775731754079926
2024-03-02 15:10:00,LINE-1-PRESS,49.344081354354564,51.24438744971919,1.527425514982621,12.133472077287394,0,2.6004072677522365
2024-03-02 15:10:00,LINE-2-ROBOT,57.49346196470195,62.59399104950483,1.2349236994854464,12.440224711216564,0,2.783188095114726
2024-03-02 15:10:00,LINE-3-CONVEYOR,57.03313521893547,44.400073504506324,1.4801261021689498,12.366096239724365,0,3.0204282191169605
2024-03-02 15:10:00,LINE-4-WELD,63.42881588679393,50.56735851742314,1.4921843788567666,12.853140167515647,0,2.9825759850354774
2024-03-02 15:15:00,LINE-1-PRESS,65.9779949733021,63.2154929282991,1.644180942488135,13.002305434029775,0,3.320833707609864
2024-03-02 15:15:00,LINE-2-ROBOT,59.25082107876826,56.02038750016401,1.5302163714759442,12.982058989353227,0,2.922447253876042
2024-03-02 15:15:00,LINE-3-CONVEYOR,74.10769842560485,58.70938220979586,1.6886218206623032,12.025828116041394,0,3.860334366926698
2024-03-02 15:15:00,LINE-4-WELD,63.036220424634365,46.87288541944334,1.5848796957347315,12.400566333828573,0,2.991452655691018
2024-03-02 15:20:00,LINE-1-PRESS,77.20426353854418,58.655916642585034,1.5692389904679152,11.186837451876368,0,3.8267812378043677
2024-03-02 15:20:00,LINE-2-ROBOT,41.54068761144202,54.734872632215264,1.302278440437404,11.680475494033349,0,2.2198259541513257
2024-03-02 15:20:00,LINE-3-CONVEYOR,44.773314299590396,52.836749176984696,1.474919111753094,12.522223364429548,0,2.0843191827526524
2024-03-02 15:20:00,LINE-4-WELD,60.12157885109624,62.96773396096028,1.3893460177864043,12.133414621014664,0,2.8876424326758805
2024-03-02 15:25:00,LINE-1-PRESS,42.32833506246824,47.60132076727298,0.7939181798206915,12.449671590342096,0,2.2817091123942643
2024-03-02 15:25:00,LINE-2-ROBOT,46.342979644419074,53.26776559354681,1.3370815366266764,12.6438053415907,0,2.184333107973045
2024-03-02 15:25:00,LINE-3-CONVEYOR,57.57251374084221,46.0928694313158,1.1188641708687241,13.010594746900576,0,2.8150257352443955
2024-03-02 15:25:00,LINE-4-WELD,51.629587119326395,53.31279069795737,1.4816535162381514,12.702815827463613,0,2.567436835559613
2024-03-02 15:30:00,LINE-1-PRESS,53.6994401978817,54.28447261036372,1.756026096162,12.342126018699393,0,2.9050445951719284
2024-03-02 15:30:00,LINE-2-ROBOT,70.5916517973844,55.251221991041234,1.5485741742445076,11.973470523273743,0,3.186686254218971
2024-03-02 15:30:00,LINE-3-CONVEYOR,72.74657560510495,60.60349657168356,1.6277048071884188,12.48711267431801,0,3.682308898287177
2024-03-02 15:30:00,LINE-4-WELD,54.611433740978015,53.604263049864116,1.467172944417081,13.126725207280739,1,2.634235639392554
2024-03-02 15:35:00,LINE-1-PRESS,59.31168393093265,59.15874170399537,1.2937851633924042,12.122747620722576,0,3.102815789002282
2024-03-02 15:35:00,LINE-2-ROBOT,77.52614119168163,57.48565647279716,1.1915995920428524,12.186836981703872,0,3.7471672645989895
2024-03-02 15:35:00,LINE-3-CONVEYOR,72.12304801506227,52.113675024927964,1.4963170558319376,12.361390278549461,0,3.458900851389622
2024-03-02 15:35:00,LINE-4-WELD,65.99795408493453,55.81184930158005,1.414576035287501,12.11894365496153,0,3.375509849902759
2024-03-02 15:40:00,LINE-1-PRESS,62.49062614901594,60.79473627214971,1.5725859477913726,12.432160482966859,0,3.2081443483989633
2024-03-02 15:40:00,LINE-2-ROBOT,70.68013355253669,45.90844341874947,0.9730572193569059,12.597842576813425,0,3.772235049140462
2024-03-02 15:40:00,LINE-3-CONVEYOR,81.01969047958451,56.03008217087537,1.5259960093034692,13.174117553414069,0,4.018784807150015
2024-03-02 15:40:00,LINE-4-WELD,76.55930908226708,56.417842717301895,1.5510208931445144,12.107938975407114,0,3.8038472013864357
2024-03-02 15:45:00,LINE-1-PRESS,51.52318233258294,57.57320911929653,1.5876516039528183,12.097222980740705,0,2.794833996777411
2024-03-02 15:45:00,LINE-2-ROBOT,69.69293363977414,61.30556501153665,1.509361068385988,13.250995093150612,0,3.4494670816407913
2024-03-02 15:45:00,LINE-3-CONVEYOR,63.579110500954464,57.684388284175455,1.2454896715747825,12.066489038071103,0,3.1743634635144042
2024-03-02 15:45:00,LINE-4-WELD,68.50702248222679,54.40514246938115,1.6058482641894598,12.732825679541676,0,3.4277810649131912
2024-03-02 15:50:00,LINE-1-PRESS,46.812983416337445,53.024539706704694,1.494263905979753,12.672635232380276,0,2.4435923611094057
2024-03-02 15:50:00,LINE-2-ROBOT,65.0302940936905,58.941761185168716,1.484263080577463,12.858931077472775,0,3.4559746917397525
2024-03-02 15:50:00,LINE-3-CONVEYOR,45.53984880505891,54.46194194722906,1.7295465584291314,12.700132327530154,0,2.081839008213555
2024-03-02 15:50:00,LINE-4-WELD,58.5326797209554,48.91860368517764,1.3928066229004727,12.264950598677517,0,3.0630670133586646
2024-03-02 15:55:00,LINE-1-PRESS,45.292172126197784,52.72570714770174,1.616810036875169,11.978719935186751,0,2.3696612292599104
2024-03-02 15:55:00,LINE-2-ROBOT,65.16110918688895,60.20368321687898,1.4175318080563675,12.469454110177525,0,3.2606448392726324
2024-03-02 15:55:00,LINE-3-CONVEYOR,77.16784145099679,63.192890640337396,1.805580427375616,13.992796518892124,0,3.925199202708109
2024-03-02 15:55:00,LINE-4-WELD,55.34995843922387,61.19447935888144,1.4926388961367452,12.744028257776243,0,2.5525093153263314
2024-03-02 16:00:00,LINE-1-PRESS,46.63024225990235,58.21678601629835,1.3521334218564927,12.63383960182023,0,2.5036264661065526
2024-03-02 16:00:00,LINE-2-ROBOT,64.03933471611586,51.5783625346704,1.940378500544299,12.438048812978831,0,2.965532759371894
2024-03-02 16:00:00,LINE-3-CONVEYOR,75.40013512685032,61.596612861982976,1.3891620905876263,12.037001963822274,0,3.848579803840238
2024-03-02 16:00:00,LINE-4-WELD,69.93578748622193,59.50851284068293,1.528568388506395,13.012898074072961,0,3.5977111918732247
2024-03-02 16:05:00,LINE-1-PRESS,58.255200792947576,56.779864115155924,1.513013505172481,13.35184814936242,0,2.9364359413630994
2024-03-02 16:05:00,LINE-2-ROBOT,74.40203469545972,60.79702240974021,1.399286213723275,13.07410364009925,0,3.864143593024189
2024-03-02 16:05:00,LINE-3-CONVEYOR,69.13378517522825,60.84467134497371,1.580418141442094,12.475968406305848,0,3.468315896773495
2024-03-02 16:05:00,LINE-4-WELD,53.99205372472991,63.58697659148166,1.7387457540964517,12.63143363660142,0,2.7551983165675007
2024-03-02 16:10:00,LINE-1-PRESS,72.14991355408935,49.34830346711348,1.8096818465919753,11.607583930533199,0,3.503557625216453
2024-03-02 16:10:00,LINE-2-ROBOT,52.354562530197335,53.68695995952995,1.5138316450032883,12.361647219823872,0,2.766114998963973
2024-03-02 16:10:00,LINE-3-CONVEYOR,50.04264257101091,61.71832785221881,1.3826719395363625,12.637429251995597,0,2.4233157199003483
2024-03-02 16:10:00,LINE-4-WELD,37.91528735857911,57.42151637799439,1.534198599895521,11.714633497863534,0,2.045719209164436
2024-03-02 16:15:00,LINE-1-PRESS,49.45735261000594,53.39214915893199,1.460276758606216,12.753696209671572,0,2.320604611951683
2024-03-02 16:15:00,LINE-2-ROBOT,61.031540218570115,50.41824318439892,1.4744398528375802,13.023400226104394,0,2.8880496485204055
2024-03-02 16:15:00,LINE-3-CONVEYOR,38.976142935140146,60.48903183173964,1.9571352307499856,12.411679105728858,0,2.0447252756164995
2024-03-02 16:15:00,LINE-4-WELD,43.976683137137336,45.234207662655116,1.5793467556845184,13.040709648811704,0,2.0340244672529186
2024-03-02 16:20:00,LINE-1-PRESS,69.66274304942861,44.28407986605062,1.33246700019128,12.656812503682083,0,3.4128307568416387
2024-03-02 16:20:00,LINE-2-ROBOT,48.52751718765464,49.98810546701814,1.210675627487165,12.059859514995997,0,2.696631355460597
2024-03-02 16:20:00,LINE-3-CONVEYOR,56.3186504022214,56.41321369565079,1.5281885833162354,12.699427376431851,0,2.807956152221673
2024-03-02 16:20:00,LINE-4-WELD,47.90480613171359,58.61539501503572,1.682683083195811,12.895406992120176,0,2.384715228279795
2024-03-02 16:25:00,LINE-1-PRESS,74.12389199630455,46.66369816828354,1.457748586679809,12.456388475308556,0,3.6322912667824907
2024-03-02 16:25:00,LINE-2-ROBOT,63.72038085772393,54.961561019710814,1.299324647964013,12.436848414715586,0,3.199649707378037
2024-03-02 16:25:00,LINE-3-CONVEYOR,79.58605232463964,54.570353627811485,1.4657868342141598,12.769669534365434,1,4.000690190227768
2024-03-02 16:25:00,LINE-4-WELD,38.2796774850904,55.60925867012491,1.3580206245656967,12.24060208779787,0,2.014916022462586
2024-03-02 16:30:00,LINE-1-PRESS,77.52103546235882,51.979835662791594,1.4952327940015306,12.26139857802206,0,3.9606366969298743
2024-03-02 16:30:00,LINE-2-ROBOT,71.5948622172675,57.82893321203949,1.6414432334797913,12.120556696051194,0,3.2640940202882254
2024-03-02 16:30:00,LINE-3-CONVEYOR,41.38257267730894,56.568061280677306,1.6477656158753176,12.646726910031436,0,2.2536071765158012
2024-03-02 16:30:00,LINE-4-WELD,71.03742610945903,57.77713066825536,1.541108078569244,12.815416813384646,0,3.1243614807952733
2024-03-02 16:35:00,LINE-1-PRESS,61.64108279429339,50.76216916881951,1.893777563510043,12.900482447619936,0,2.952946205928503
2024-03-02 16:35:00,LINE-2-ROBOT,50.20124863799095,44.066077925509795,1.7354907283257646,11.661656603783797,0,2.539065773486133
2024-03-02 16:35:00,LINE-3-CONVEYOR,67.58313946909811,46.28606405331442,1.5158962353596734,12.540224482283092,0,3.3141690664578083
2024-03-02 16:35:00,LINE-4-WELD,73.70459303370255,53.854060444108626,1.3150850428816128,12.886725650235377,0,3.6643761910656054
2024-03-02 16:40:00,LINE-1-PRESS,62.98358398632512,57.52858490782129,1.326223909325226,12.36216606168466,0,3.0636678473408225
2024-03-02 16:40:00,LINE-2-ROBOT,65.56592165271341,45.08785119593947,1.00068004098739,13.104155252455032,0,3.0917919480422262
2024-03-02 16:40:00,LINE-3-CONVEYOR,43.72414109656403,54.366238419129665,1.5527026981622538,12.668853644943983,1,2.031361837431703
2024-03-02 16:40:00,LINE-4-WELD,60.63804355204103,53.01057389723305,1.8060029310821826,12.464639455724518,0,3.0352246252250015
2024-03-02 16:45:00,LINE-1-PRESS,54.06739719855032,55.54466435218857,1.2664555361219036,11.59940700829271,0,2.6371819518190396
2024-03-02 16:45:00,LINE-2-ROBOT,75.82826518476362,57.62718431360126,1.5562479407613035,13.158390331785716,0,3.6643428184937217
2024-03-02 16:45:00,LINE-3-CONVEYOR,51.120258617325,63.97815141399026,1.572246423820429,12.033896221684941,0,2.4842560465888366
2024-03-02 16:45:00,LINE-4-WELD,77.33365749742626,60.69947858242107,1.2325679465670034,13.21278641053887,0,3.7832181231605304
2024-03-02 16:50:00,LINE-1-PRESS,55.35349934269101,65.21212821644218,1.5188985399581023,11.967404673151815,0,2.5983681982627744
2024-03-02 16:50:00,LINE-2-ROBOT,54.67618103457169,56.864001283313335,1.4664886900468377,12.023231887478941,0,2.7522794086383833
2024-03-02 16:50:00,LINE-3-CONVEYOR,50.79848433355955,55.90482044461245,1.6309431347871002,12.350628553703213,0,2.544332273274409
2024-03-02 16:50:00,LINE-4-WELD,41.303579495848375,61.87750069255071,1.5259750082780874,12.037845917025699,0,2.129235202778489
2024-03-02 16:55:00,LINE-1-PRESS,59.26851576323229,63.54778604043865,1.5358739881549894,11.653412637948549,0,2.9614671372086696
2024-03-02 16:55:00,LINE-2-ROBOT,81.85099839564367,62.2051987318275,1.5933879388156027,13.289815872404304,0,3.9819644884381074
2024-03-02 16:55:00,LINE-3-CONVEYOR,51.12965301993554,57.58618870259832,1.3071342692059567,12.802000901099083,0,2.4891509397603047
2024-03-02 16:55:00,LINE-4-WELD,47.05367433756745,54.147754833884946,1.6605864745032306,12.766925346510487,0,2.369004122947837
2024-03-02 17:00:00,LINE-1-PRESS,73.42691843499989,55.45848588706165,1.133664212054983,12.620654637190619,0,3.6458797100299245
2024-03-02 17:00:00,LINE-2-ROBOT,45.98957964421083,52.02057847263797,1.4609851185323701,13.154649891195294,1,2.2749398232663833
2024-03-02 17:00:00,LINE-3-CONVEYOR,44.23033964376188,52.259612685642935,1.317725602892795,12.763942471696302,0,2.2269577667808833
2024-03-02 17:00:00,LINE-4-WELD,57.725774725361944,68.48189881277573,1.5487381843203794,13.385712631559393,0,2.601269518850251
2024-03-02 17:05:00,LINE-1-PRESS,81.8230645692621,50.17852991029174,1.2988730631477035,12.434301831117368,0,3.787467572521171
2024-03-02 17:05:00,LINE-2-ROBOT,58.92388703858653,60.312059070122956,1.6154043841872228,12.733765089646969,0,3.14534577950762
2024-03-02 17:05:00,LINE-3-CONVEYOR,70.19163243153406,46.580450694430084,1.9385085320965538,12.690141562795427,0,3.530134278864229
2024-03-02 17:05:00,LINE-4-WELD,53.11013035101434,55.97473750697546,1.3695223627753719,12.795804567050178,0,2.6053167837309807
2024-03-02 17:10:00,LINE-1-PRESS,69.4206424012364,58.03099049973883,1.1121068592166068,13.240845085443489,0,3.342288757796577
2024-03-02 17:10:00,LINE-2-ROBOT,79.5554599313666,56.456165222992325,1.539633467931997,13.675306741970255,0,3.9359784964446027
2024-03-02 17:10:00,LINE-3-CONVEYOR,82.09763457564783,52.115616955107164,1.7142017082497296,12.889491809962555,0,3.872116717280048
2024-03-02 17:10:00,LINE-4-WELD,65.82842870366805,55.73609445280247,2.004310396341813,12.23367167352436,0,3.3299614579489303
2024-03-02 17:15:00,LINE-1-PRESS,69.80062468506355,58.378426929222144,1.7833996944586652,13.16878466707416,0,3.5142090897178218
2024-03-02 17:15:00,LINE-2-ROBOT,69.42485960176124,55.788930566935484,1.3929779387327037,13.218618715656014,0,3.4140229800517434
2024-03-02 17:15:00,LINE-3-CONVEYOR,77.14182738109128,61.232832046989785,1.520295467154785,12.832121428212618,0,3.8960899007912864
2024-03-02 17:15:00,LINE-4-WELD,74.06874469450132,52.67842302724229,1.756438405131457,13.140630146129089,0,3.8827677749390648
2024-03-02 17:20:00,LINE-1-PRESS,50.88945897924055,54.431175908515286,1.576591068692432,12.714744248307074,1,2.517329726642288
2024-03-02 17:20:00,LINE-2-ROBOT,74.39388245425953,58.036957133991606,1.8937647026901967,12.279963248846911,0,3.556351625521436
2024-03-02 17:20:00,LINE-3-CONVEYOR,45.823139659343596,58.113751325312954,1.6161219015505894,11.920950334030163,0,2.382055332408165
2024-03-02 17:20:00,LINE-4-WELD,42.11479901269046,62.65579261034093,1.8849530563436874,12.021169442986412,0,2.17790545170394
2024-03-02 17:25:00,LINE-1-PRESS,45.93511676701002,60.81485634581922,1.3359464222088664,12.883208447542636,0,2.1639429350520847
2024-03-02 17:25:00,LINE-2-ROBOT,70.43364614513368,62.07996257659436,1.3876764749198078,12.150680679809545,0,3.517277449237369
2024-03-02 17:25:00,LINE-3-CONVEYOR,56.32292626819477,57.53311911096698,1.7466736916510643,13.044189412295232,0,2.9601129198453062
2024-03-02 17:25:00,LINE-4-WELD,41.3241424857305,43.661381125628054,1.1769877301772866,12.797847772599972,0,2.1209500286020093
2024-03-02 17:30:00,LINE-1-PRESS,67.24306750412087,62.727534828352766,1.6181599644967286,12.374955375793315,0,3.3516903117404784
2024-03-02 17:30:00,LINE-2-ROBOT,62.55748631762807,52.9265671615319,1.2681944893478423,11.499018799794534,0,3.1315470464049535
2024-03-02 17:30:00,LINE-3-CONVEYOR,77.66215840931636,48.89651839301636,1.630381926520876,12.509864159559106,0,3.8272628335514427
2024-03-02 17:30:00,LINE-4-WELD,68.8393713130912,57.56867405362713,1.4274134251772033,12.872689178145713,0,3.458493930887277
2024-03-02 17:35:00,LINE-1-PRESS,53.50395422123165,54.36846845515744,1.840652857810773,12.957638188622775,0,2.6973009732866804
2024-03-02 17:35:00,LINE-2-ROBOT,50.5406415536762,61.21872656987384,1.0094725621468597,13.72319414629671,0,2.4867803688236796
2024-03-02 17:35:00,LINE-3-CONVEYOR,63.821431845774754,59.11423958448604,0.9223377260064912,12.667752676151624,0,3.2554342095609727
2024-03-02 17:35:00,LINE-4-WELD,55.45485247343316,58.488387528184155,1.3582503134681114,12.97224937978851,0,2.786080874708564
